API,Type,Count,Input,Unnamed: 4,Unnamed: 5
torch.abs,timeout,64,/local1/xdanning/docter/expr/pytorch/PT26_c890544_baseline/workdir/expect_ok_no_constr/torch.abs.yaml_workdir/timeout_script_record,,
torch.acos,timeout,26,/local1/xdanning/docter/expr/pytorch/PT26_c890544_baseline/workdir/expect_ok_no_constr/torch.acos.yaml_workdir/timeout_script_record,,
torch.add,timeout,29,/local1/xdanning/docter/expr/pytorch/PT26_c890544_baseline/workdir/expect_ok_no_constr/torch.add.yaml_workdir/timeout_script_record,,
torch.allclose,timeout,3,/local1/xdanning/docter/expr/pytorch/PT26_c890544_baseline/workdir/expect_ok_no_constr/torch.allclose.yaml_workdir/timeout_script_record,,
torch.angle,timeout,66,/local1/xdanning/docter/expr/pytorch/PT26_c890544_baseline/workdir/expect_ok_no_constr/torch.angle.yaml_workdir/timeout_script_record,,
torch.argmax,timeout,138,/local1/xdanning/docter/expr/pytorch/PT26_c890544_baseline/workdir/expect_ok_no_constr/torch.argmax.yaml_workdir/timeout_script_record,,
torch.argmin,timeout,128,/local1/xdanning/docter/expr/pytorch/PT26_c890544_baseline/workdir/expect_ok_no_constr/torch.argmin.yaml_workdir/timeout_script_record,,
torch.argsort,timeout,16,/local1/xdanning/docter/expr/pytorch/PT26_c890544_baseline/workdir/expect_ok_no_constr/torch.argsort.yaml_workdir/timeout_script_record,,
torch.asin,timeout,23,/local1/xdanning/docter/expr/pytorch/PT26_c890544_baseline/workdir/expect_ok_no_constr/torch.asin.yaml_workdir/timeout_script_record,,
torch.atan2,timeout,6,/local1/xdanning/docter/expr/pytorch/PT26_c890544_baseline/workdir/expect_ok_no_constr/torch.atan2.yaml_workdir/timeout_script_record,,
torch.atan,timeout,43,/local1/xdanning/docter/expr/pytorch/PT26_c890544_baseline/workdir/expect_ok_no_constr/torch.atan.yaml_workdir/timeout_script_record,,
torch.bincount,timeout,14,/local1/xdanning/docter/expr/pytorch/PT26_c890544_baseline/workdir/expect_ok_no_constr/torch.bincount.yaml_workdir/timeout_script_record,,
torch.bitwise_and,timeout,14,/local1/xdanning/docter/expr/pytorch/PT26_c890544_baseline/workdir/expect_ok_no_constr/torch.bitwise_and.yaml_workdir/timeout_script_record,,
torch.bitwise_not,timeout,43,/local1/xdanning/docter/expr/pytorch/PT26_c890544_baseline/workdir/expect_ok_no_constr/torch.bitwise_not.yaml_workdir/timeout_script_record,,
torch.bitwise_or,timeout,15,/local1/xdanning/docter/expr/pytorch/PT26_c890544_baseline/workdir/expect_ok_no_constr/torch.bitwise_or.yaml_workdir/timeout_script_record,,
torch.bitwise_xor,timeout,19,/local1/xdanning/docter/expr/pytorch/PT26_c890544_baseline/workdir/expect_ok_no_constr/torch.bitwise_xor.yaml_workdir/timeout_script_record,,
torch.cdist,timeout,17,/local1/xdanning/docter/expr/pytorch/PT26_c890544_baseline/workdir/expect_ok_no_constr/torch.cdist.yaml_workdir/timeout_script_record,,
torch.ceil,timeout,70,/local1/xdanning/docter/expr/pytorch/PT26_c890544_baseline/workdir/expect_ok_no_constr/torch.ceil.yaml_workdir/timeout_script_record,,
torch.cholesky_solve,timeout,45,/local1/xdanning/docter/expr/pytorch/PT26_c890544_baseline/workdir/expect_ok_no_constr/torch.cholesky_solve.yaml_workdir/timeout_script_record,,
torch.cholesky,timeout,2,/local1/xdanning/docter/expr/pytorch/PT26_c890544_baseline/workdir/expect_ok_no_constr/torch.cholesky.yaml_workdir/timeout_script_record,,
torch.combinations,timeout,1,/local1/xdanning/docter/expr/pytorch/PT26_c890544_baseline/workdir/expect_ok_no_constr/torch.combinations.yaml_workdir/timeout_script_record,,
torch.conj,timeout,65,/local1/xdanning/docter/expr/pytorch/PT26_c890544_baseline/workdir/expect_ok_no_constr/torch.conj.yaml_workdir/timeout_script_record,,
torch.cosh,timeout,21,/local1/xdanning/docter/expr/pytorch/PT26_c890544_baseline/workdir/expect_ok_no_constr/torch.cosh.yaml_workdir/timeout_script_record,,
torch.cos,timeout,40,/local1/xdanning/docter/expr/pytorch/PT26_c890544_baseline/workdir/expect_ok_no_constr/torch.cos.yaml_workdir/timeout_script_record,,
torch.cuda.comm.broadcast_coalesced,timeout,57,/local1/xdanning/docter/expr/pytorch/PT26_c890544_baseline/workdir/expect_ok_no_constr/torch.cuda.comm.broadcast_coalesced.yaml_workdir/timeout_script_record,,
torch.cuda.comm.broadcast,timeout,49,/local1/xdanning/docter/expr/pytorch/PT26_c890544_baseline/workdir/expect_ok_no_constr/torch.cuda.comm.broadcast.yaml_workdir/timeout_script_record,,
torch.cuda.comm.gather,timeout,49,/local1/xdanning/docter/expr/pytorch/PT26_c890544_baseline/workdir/expect_ok_no_constr/torch.cuda.comm.gather.yaml_workdir/timeout_script_record,,
torch.cuda.comm.scatter,timeout,78,/local1/xdanning/docter/expr/pytorch/PT26_c890544_baseline/workdir/expect_ok_no_constr/torch.cuda.comm.scatter.yaml_workdir/timeout_script_record,,
torch.cuda.nvtx.mark,timeout,24,/local1/xdanning/docter/expr/pytorch/PT26_c890544_baseline/workdir/expect_ok_no_constr/torch.cuda.nvtx.mark.yaml_workdir/timeout_script_record,,
torch.cuda.nvtx.range_push,timeout,23,/local1/xdanning/docter/expr/pytorch/PT26_c890544_baseline/workdir/expect_ok_no_constr/torch.cuda.nvtx.range_push.yaml_workdir/timeout_script_record,,
torch.cuda.set_rng_state,timeout,190,/local1/xdanning/docter/expr/pytorch/PT26_c890544_baseline/workdir/expect_ok_no_constr/torch.cuda.set_rng_state.yaml_workdir/timeout_script_record,,
torch.cumprod,timeout,4,/local1/xdanning/docter/expr/pytorch/PT26_c890544_baseline/workdir/expect_ok_no_constr/torch.cumprod.yaml_workdir/timeout_script_record,,
torch.cumsum,timeout,6,/local1/xdanning/docter/expr/pytorch/PT26_c890544_baseline/workdir/expect_ok_no_constr/torch.cumsum.yaml_workdir/timeout_script_record,,
torch.det,timeout,6,/local1/xdanning/docter/expr/pytorch/PT26_c890544_baseline/workdir/expect_ok_no_constr/torch.det.yaml_workdir/timeout_script_record,,
torch.diag_embed,timeout,26,/local1/xdanning/docter/expr/pytorch/PT26_c890544_baseline/workdir/expect_ok_no_constr/torch.diag_embed.yaml_workdir/timeout_script_record,,
torch.diagflat,Kill,15,/local1/xdanning/docter/expr/pytorch/PT26_c890544_baseline/workdir/expect_ok_no_constr/torch.diagflat.yaml_workdir/Kill_script_record,,
torch.diagflat,timeout,236,/local1/xdanning/docter/expr/pytorch/PT26_c890544_baseline/workdir/expect_ok_no_constr/torch.diagflat.yaml_workdir/timeout_script_record,,
torch.diag,timeout,3,/local1/xdanning/docter/expr/pytorch/PT26_c890544_baseline/workdir/expect_ok_no_constr/torch.diag.yaml_workdir/timeout_script_record,,
torch.digamma,timeout,20,/local1/xdanning/docter/expr/pytorch/PT26_c890544_baseline/workdir/expect_ok_no_constr/torch.digamma.yaml_workdir/timeout_script_record,,
torch.distributed.all_reduce,timeout,11,/local1/xdanning/docter/expr/pytorch/PT26_c890544_baseline/workdir/expect_ok_no_constr/torch.distributed.all_reduce.yaml_workdir/timeout_script_record,,
torch.distributed.broadcast_multigpu,timeout,28,/local1/xdanning/docter/expr/pytorch/PT26_c890544_baseline/workdir/expect_ok_no_constr/torch.distributed.broadcast_multigpu.yaml_workdir/timeout_script_record,,
torch.distributed.broadcast,timeout,15,/local1/xdanning/docter/expr/pytorch/PT26_c890544_baseline/workdir/expect_ok_no_constr/torch.distributed.broadcast.yaml_workdir/timeout_script_record,,
torch.distributed.init_process_group,timeout,11,/local1/xdanning/docter/expr/pytorch/PT26_c890544_baseline/workdir/expect_ok_no_constr/torch.distributed.init_process_group.yaml_workdir/timeout_script_record,,
torch.distributed.reduce_multigpu,timeout,22,/local1/xdanning/docter/expr/pytorch/PT26_c890544_baseline/workdir/expect_ok_no_constr/torch.distributed.reduce_multigpu.yaml_workdir/timeout_script_record,,
torch.distributed.reduce,timeout,5,/local1/xdanning/docter/expr/pytorch/PT26_c890544_baseline/workdir/expect_ok_no_constr/torch.distributed.reduce.yaml_workdir/timeout_script_record,,
torch.dist,timeout,6,/local1/xdanning/docter/expr/pytorch/PT26_c890544_baseline/workdir/expect_ok_no_constr/torch.dist.yaml_workdir/timeout_script_record,,
torch.div2,timeout,36,/local1/xdanning/docter/expr/pytorch/PT26_c890544_baseline/workdir/expect_ok_no_constr/torch.div2.yaml_workdir/timeout_script_record,,
torch.div,timeout,46,/local1/xdanning/docter/expr/pytorch/PT26_c890544_baseline/workdir/expect_ok_no_constr/torch.div.yaml_workdir/timeout_script_record,,
torch.eq,timeout,20,/local1/xdanning/docter/expr/pytorch/PT26_c890544_baseline/workdir/expect_ok_no_constr/torch.eq.yaml_workdir/timeout_script_record,,
torch.erfc,timeout,19,/local1/xdanning/docter/expr/pytorch/PT26_c890544_baseline/workdir/expect_ok_no_constr/torch.erfc.yaml_workdir/timeout_script_record,,
torch.erfinv,timeout,43,/local1/xdanning/docter/expr/pytorch/PT26_c890544_baseline/workdir/expect_ok_no_constr/torch.erfinv.yaml_workdir/timeout_script_record,,
torch.erf,timeout,28,/local1/xdanning/docter/expr/pytorch/PT26_c890544_baseline/workdir/expect_ok_no_constr/torch.erf.yaml_workdir/timeout_script_record,,
torch.expm1,timeout,22,/local1/xdanning/docter/expr/pytorch/PT26_c890544_baseline/workdir/expect_ok_no_constr/torch.expm1.yaml_workdir/timeout_script_record,,
torch.exp,timeout,29,/local1/xdanning/docter/expr/pytorch/PT26_c890544_baseline/workdir/expect_ok_no_constr/torch.exp.yaml_workdir/timeout_script_record,,
torch.floor_divide,timeout,47,/local1/xdanning/docter/expr/pytorch/PT26_c890544_baseline/workdir/expect_ok_no_constr/torch.floor_divide.yaml_workdir/timeout_script_record,,
torch.floor,timeout,58,/local1/xdanning/docter/expr/pytorch/PT26_c890544_baseline/workdir/expect_ok_no_constr/torch.floor.yaml_workdir/timeout_script_record,,
torch.fmod,timeout,14,/local1/xdanning/docter/expr/pytorch/PT26_c890544_baseline/workdir/expect_ok_no_constr/torch.fmod.yaml_workdir/timeout_script_record,,
torch.ge,timeout,26,/local1/xdanning/docter/expr/pytorch/PT26_c890544_baseline/workdir/expect_ok_no_constr/torch.ge.yaml_workdir/timeout_script_record,,
torch.gt,timeout,20,/local1/xdanning/docter/expr/pytorch/PT26_c890544_baseline/workdir/expect_ok_no_constr/torch.gt.yaml_workdir/timeout_script_record,,
torch.inverse,timeout,7,/local1/xdanning/docter/expr/pytorch/PT26_c890544_baseline/workdir/expect_ok_no_constr/torch.inverse.yaml_workdir/timeout_script_record,,
torch.le,timeout,23,/local1/xdanning/docter/expr/pytorch/PT26_c890544_baseline/workdir/expect_ok_no_constr/torch.le.yaml_workdir/timeout_script_record,,
torch.lgamma,timeout,62,/local1/xdanning/docter/expr/pytorch/PT26_c890544_baseline/workdir/expect_ok_no_constr/torch.lgamma.yaml_workdir/timeout_script_record,,
torch.log10,timeout,37,/local1/xdanning/docter/expr/pytorch/PT26_c890544_baseline/workdir/expect_ok_no_constr/torch.log10.yaml_workdir/timeout_script_record,,
torch.log1p,timeout,36,/local1/xdanning/docter/expr/pytorch/PT26_c890544_baseline/workdir/expect_ok_no_constr/torch.log1p.yaml_workdir/timeout_script_record,,
torch.log2,timeout,23,/local1/xdanning/docter/expr/pytorch/PT26_c890544_baseline/workdir/expect_ok_no_constr/torch.log2.yaml_workdir/timeout_script_record,,
torch.logdet,timeout,4,/local1/xdanning/docter/expr/pytorch/PT26_c890544_baseline/workdir/expect_ok_no_constr/torch.logdet.yaml_workdir/timeout_script_record,,
torch.logical_and,timeout,7,/local1/xdanning/docter/expr/pytorch/PT26_c890544_baseline/workdir/expect_ok_no_constr/torch.logical_and.yaml_workdir/timeout_script_record,,
torch.logical_not,timeout,151,/local1/xdanning/docter/expr/pytorch/PT26_c890544_baseline/workdir/expect_ok_no_constr/torch.logical_not.yaml_workdir/timeout_script_record,,
torch.logical_or,timeout,10,/local1/xdanning/docter/expr/pytorch/PT26_c890544_baseline/workdir/expect_ok_no_constr/torch.logical_or.yaml_workdir/timeout_script_record,,
torch.logical_xor,timeout,6,/local1/xdanning/docter/expr/pytorch/PT26_c890544_baseline/workdir/expect_ok_no_constr/torch.logical_xor.yaml_workdir/timeout_script_record,,
torch.log,timeout,31,/local1/xdanning/docter/expr/pytorch/PT26_c890544_baseline/workdir/expect_ok_no_constr/torch.log.yaml_workdir/timeout_script_record,,
torch.lt,timeout,19,/local1/xdanning/docter/expr/pytorch/PT26_c890544_baseline/workdir/expect_ok_no_constr/torch.lt.yaml_workdir/timeout_script_record,,
torch.lu_unpack,timeout,553,/local1/xdanning/docter/expr/pytorch/PT26_c890544_baseline/workdir/expect_ok_no_constr/torch.lu_unpack.yaml_workdir/timeout_script_record,,
torch.masked_select,timeout,1,/local1/xdanning/docter/expr/pytorch/PT26_c890544_baseline/workdir/expect_ok_no_constr/torch.masked_select.yaml_workdir/timeout_script_record,,
torch.matmul,timeout,63,/local1/xdanning/docter/expr/pytorch/PT26_c890544_baseline/workdir/expect_ok_no_constr/torch.matmul.yaml_workdir/timeout_script_record,,
torch.matrix_power,timeout,4,/local1/xdanning/docter/expr/pytorch/PT26_c890544_baseline/workdir/expect_ok_no_constr/torch.matrix_power.yaml_workdir/timeout_script_record,,
torch.max22,timeout,4,/local1/xdanning/docter/expr/pytorch/PT26_c890544_baseline/workdir/expect_ok_no_constr/torch.max22.yaml_workdir/timeout_script_record,,
torch.max,timeout,131,/local1/xdanning/docter/expr/pytorch/PT26_c890544_baseline/workdir/expect_ok_no_constr/torch.max.yaml_workdir/timeout_script_record,,
torch.mean,timeout,40,/local1/xdanning/docter/expr/pytorch/PT26_c890544_baseline/workdir/expect_ok_no_constr/torch.mean.yaml_workdir/timeout_script_record,,
torch.median2,timeout,17,/local1/xdanning/docter/expr/pytorch/PT26_c890544_baseline/workdir/expect_ok_no_constr/torch.median2.yaml_workdir/timeout_script_record,,
torch.median,timeout,164,/local1/xdanning/docter/expr/pytorch/PT26_c890544_baseline/workdir/expect_ok_no_constr/torch.median.yaml_workdir/timeout_script_record,,
torch.min22,timeout,2,/local1/xdanning/docter/expr/pytorch/PT26_c890544_baseline/workdir/expect_ok_no_constr/torch.min22.yaml_workdir/timeout_script_record,,
torch.min,timeout,138,/local1/xdanning/docter/expr/pytorch/PT26_c890544_baseline/workdir/expect_ok_no_constr/torch.min.yaml_workdir/timeout_script_record,,
torch.mul,timeout,43,/local1/xdanning/docter/expr/pytorch/PT26_c890544_baseline/workdir/expect_ok_no_constr/torch.mul.yaml_workdir/timeout_script_record,,
torch.mvlgamma,timeout,6,/local1/xdanning/docter/expr/pytorch/PT26_c890544_baseline/workdir/expect_ok_no_constr/torch.mvlgamma.yaml_workdir/timeout_script_record,,
torch.neg,timeout,75,/local1/xdanning/docter/expr/pytorch/PT26_c890544_baseline/workdir/expect_ok_no_constr/torch.neg.yaml_workdir/timeout_script_record,,
torch.ne,timeout,19,/local1/xdanning/docter/expr/pytorch/PT26_c890544_baseline/workdir/expect_ok_no_constr/torch.ne.yaml_workdir/timeout_script_record,,
torch.cholesky_solve,Segmentation_Fault,2,/local1/xdanning/docter/expr/pytorch/PT26_c890544_baseline/workdir/expect_ok_no_constr/torch.cholesky_solve.yaml_workdir/Segmentation_Fault_script_record,pt16,
torch.nn.adaptivelogsoftmaxwithloss,timeout,21,/local1/xdanning/docter/expr/pytorch/PT26_c890544_baseline/workdir/expect_ok_no_constr/torch.nn.adaptivelogsoftmaxwithloss.yaml_workdir/timeout_script_record,,
torch.histc,Segmentation_Fault,3,/local1/xdanning/docter/expr/pytorch/PT26_c890544_baseline/workdir/expect_ok_no_constr/torch.histc.yaml_workdir/Segmentation_Fault_script_record,pt21,
torch.nn.adaptivemaxpool1d,timeout,1,/local1/xdanning/docter/expr/pytorch/PT26_c890544_baseline/workdir/expect_ok_no_constr/torch.nn.adaptivemaxpool1d.yaml_workdir/timeout_script_record,,
torch.nn.adaptivemaxpool1d,Segmentation_Fault,1,/local1/xdanning/docter/expr/pytorch/PT26_c890544_baseline/workdir/expect_ok_no_constr/torch.nn.adaptivemaxpool1d.yaml_workdir/Segmentation_Fault_script_record,pt24,
torch.nn.adaptivemaxpool2d,timeout,1,/local1/xdanning/docter/expr/pytorch/PT26_c890544_baseline/workdir/expect_ok_no_constr/torch.nn.adaptivemaxpool2d.yaml_workdir/timeout_script_record,,
torch.nn.adaptivemaxpool3d,timeout,2,/local1/xdanning/docter/expr/pytorch/PT26_c890544_baseline/workdir/expect_ok_no_constr/torch.nn.adaptivemaxpool3d.yaml_workdir/timeout_script_record,,
torch.nn.alphadropout,timeout,304,/local1/xdanning/docter/expr/pytorch/PT26_c890544_baseline/workdir/expect_ok_no_constr/torch.nn.alphadropout.yaml_workdir/timeout_script_record,,
torch.nn.batchnorm1d,timeout,2,/local1/xdanning/docter/expr/pytorch/PT26_c890544_baseline/workdir/expect_ok_no_constr/torch.nn.batchnorm1d.yaml_workdir/timeout_script_record,,
torch.nn.batchnorm2d,timeout,4,/local1/xdanning/docter/expr/pytorch/PT26_c890544_baseline/workdir/expect_ok_no_constr/torch.nn.batchnorm2d.yaml_workdir/timeout_script_record,,
torch.nn.batchnorm3d,timeout,4,/local1/xdanning/docter/expr/pytorch/PT26_c890544_baseline/workdir/expect_ok_no_constr/torch.nn.batchnorm3d.yaml_workdir/timeout_script_record,,
torch.nn.celu,timeout,9,/local1/xdanning/docter/expr/pytorch/PT26_c890544_baseline/workdir/expect_ok_no_constr/torch.nn.celu.yaml_workdir/timeout_script_record,,
torch.nn.constantpad1d,timeout,3,/local1/xdanning/docter/expr/pytorch/PT26_c890544_baseline/workdir/expect_ok_no_constr/torch.nn.constantpad1d.yaml_workdir/timeout_script_record,,
torch.nn.constantpad2d,timeout,2,/local1/xdanning/docter/expr/pytorch/PT26_c890544_baseline/workdir/expect_ok_no_constr/torch.nn.constantpad2d.yaml_workdir/timeout_script_record,,
torch.nn.constantpad3d,timeout,3,/local1/xdanning/docter/expr/pytorch/PT26_c890544_baseline/workdir/expect_ok_no_constr/torch.nn.constantpad3d.yaml_workdir/timeout_script_record,,
torch.nn.conv1d,timeout,84,/local1/xdanning/docter/expr/pytorch/PT26_c890544_baseline/workdir/expect_ok_no_constr/torch.nn.conv1d.yaml_workdir/timeout_script_record,,
torch.nn.conv2d,timeout,92,/local1/xdanning/docter/expr/pytorch/PT26_c890544_baseline/workdir/expect_ok_no_constr/torch.nn.conv2d.yaml_workdir/timeout_script_record,,
torch.nn.conv3d,timeout,102,/local1/xdanning/docter/expr/pytorch/PT26_c890544_baseline/workdir/expect_ok_no_constr/torch.nn.conv3d.yaml_workdir/timeout_script_record,,
torch.nn.convtranspose1d,timeout,46,/local1/xdanning/docter/expr/pytorch/PT26_c890544_baseline/workdir/expect_ok_no_constr/torch.nn.convtranspose1d.yaml_workdir/timeout_script_record,,
torch.nn.convtranspose2d,timeout,40,/local1/xdanning/docter/expr/pytorch/PT26_c890544_baseline/workdir/expect_ok_no_constr/torch.nn.convtranspose2d.yaml_workdir/timeout_script_record,,
torch.nn.convtranspose3d,timeout,36,/local1/xdanning/docter/expr/pytorch/PT26_c890544_baseline/workdir/expect_ok_no_constr/torch.nn.convtranspose3d.yaml_workdir/timeout_script_record,,
torch.nn.dropout2d,timeout,86,/local1/xdanning/docter/expr/pytorch/PT26_c890544_baseline/workdir/expect_ok_no_constr/torch.nn.dropout2d.yaml_workdir/timeout_script_record,,
torch.nn.dropout3d,timeout,90,/local1/xdanning/docter/expr/pytorch/PT26_c890544_baseline/workdir/expect_ok_no_constr/torch.nn.dropout3d.yaml_workdir/timeout_script_record,,
torch.nn.dropout,timeout,217,/local1/xdanning/docter/expr/pytorch/PT26_c890544_baseline/workdir/expect_ok_no_constr/torch.nn.dropout.yaml_workdir/timeout_script_record,,
torch.nn.elu,timeout,15,/local1/xdanning/docter/expr/pytorch/PT26_c890544_baseline/workdir/expect_ok_no_constr/torch.nn.elu.yaml_workdir/timeout_script_record,,
torch.nn.embeddingbag,timeout,17,/local1/xdanning/docter/expr/pytorch/PT26_c890544_baseline/workdir/expect_ok_no_constr/torch.nn.embeddingbag.yaml_workdir/timeout_script_record,,
torch.nn.embedding,timeout,81,/local1/xdanning/docter/expr/pytorch/PT26_c890544_baseline/workdir/expect_ok_no_constr/torch.nn.embedding.yaml_workdir/timeout_script_record,,
torch.nn.fractionalmaxpool2d,timeout,3,/local1/xdanning/docter/expr/pytorch/PT26_c890544_baseline/workdir/expect_ok_no_constr/torch.nn.fractionalmaxpool2d.yaml_workdir/timeout_script_record,,
torch.nn.adaptivemaxpool2d,Segmentation_Fault,2,/local1/xdanning/docter/expr/pytorch/PT26_c890544_baseline/workdir/expect_ok_no_constr/torch.nn.adaptivemaxpool2d.yaml_workdir/Segmentation_Fault_script_record,pt24,
torch.nn.replicationpad3d,Segmentation_Fault,1,/local1/xdanning/docter/expr/pytorch/PT26_c890544_baseline/workdir/expect_ok_no_constr/torch.nn.replicationpad3d.yaml_workdir/Segmentation_Fault_script_record,pt29,
torch.nn.functional.affine_grid,timeout,4,/local1/xdanning/docter/expr/pytorch/PT26_c890544_baseline/workdir/expect_ok_no_constr/torch.nn.functional.affine_grid.yaml_workdir/timeout_script_record,,
torch.nn.functional.binary_cross_entropy_with_logits,timeout,21,/local1/xdanning/docter/expr/pytorch/PT26_c890544_baseline/workdir/expect_ok_no_constr/torch.nn.functional.binary_cross_entropy_with_logits.yaml_workdir/timeout_script_record,,
torch.nn.functional.binary_cross_entropy,timeout,18,/local1/xdanning/docter/expr/pytorch/PT26_c890544_baseline/workdir/expect_ok_no_constr/torch.nn.functional.binary_cross_entropy.yaml_workdir/timeout_script_record,,
torch.nn.functional.cosine_similarity,Nan,1,/local1/xdanning/docter/expr/pytorch/PT26_c890544_baseline/workdir/expect_ok_no_constr/torch.nn.functional.cosine_similarity.yaml_workdir/Nan_script_record,,
torch.nn.functional.cosine_similarity,timeout,1,/local1/xdanning/docter/expr/pytorch/PT26_c890544_baseline/workdir/expect_ok_no_constr/torch.nn.functional.cosine_similarity.yaml_workdir/timeout_script_record,,
torch.nn.functional.cross_entropy,timeout,223,/local1/xdanning/docter/expr/pytorch/PT26_c890544_baseline/workdir/expect_ok_no_constr/torch.nn.functional.cross_entropy.yaml_workdir/timeout_script_record,,
torch.nn.functional.ctc_loss,timeout,11,/local1/xdanning/docter/expr/pytorch/PT26_c890544_baseline/workdir/expect_ok_no_constr/torch.nn.functional.ctc_loss.yaml_workdir/timeout_script_record,,
torch.nn.functional.dropout2d,timeout,96,/local1/xdanning/docter/expr/pytorch/PT26_c890544_baseline/workdir/expect_ok_no_constr/torch.nn.functional.dropout2d.yaml_workdir/timeout_script_record,,
torch.nn.functional.dropout3d,timeout,96,/local1/xdanning/docter/expr/pytorch/PT26_c890544_baseline/workdir/expect_ok_no_constr/torch.nn.functional.dropout3d.yaml_workdir/timeout_script_record,,
torch.nn.functional.dropout,timeout,136,/local1/xdanning/docter/expr/pytorch/PT26_c890544_baseline/workdir/expect_ok_no_constr/torch.nn.functional.dropout.yaml_workdir/timeout_script_record,,
torch.nn.functional.embedding,timeout,86,/local1/xdanning/docter/expr/pytorch/PT26_c890544_baseline/workdir/expect_ok_no_constr/torch.nn.functional.embedding.yaml_workdir/timeout_script_record,,
torch.nn.functional.glu,timeout,6,/local1/xdanning/docter/expr/pytorch/PT26_c890544_baseline/workdir/expect_ok_no_constr/torch.nn.functional.glu.yaml_workdir/timeout_script_record,,
torch.nn.functional.grid_sample,timeout,22,/local1/xdanning/docter/expr/pytorch/PT26_c890544_baseline/workdir/expect_ok_no_constr/torch.nn.functional.grid_sample.yaml_workdir/timeout_script_record,,
torch.nn.functional.gumbel_softmax,timeout,130,/local1/xdanning/docter/expr/pytorch/PT26_c890544_baseline/workdir/expect_ok_no_constr/torch.nn.functional.gumbel_softmax.yaml_workdir/timeout_script_record,,
torch.nn.functional.interpolate,timeout,12,/local1/xdanning/docter/expr/pytorch/PT26_c890544_baseline/workdir/expect_ok_no_constr/torch.nn.functional.interpolate.yaml_workdir/timeout_script_record,,
torch.nn.functional.kl_div,Nan,2,/local1/xdanning/docter/expr/pytorch/PT26_c890544_baseline/workdir/expect_ok_no_constr/torch.nn.functional.kl_div.yaml_workdir/Nan_script_record,,
torch.nn.functional.kl_div,timeout,35,/local1/xdanning/docter/expr/pytorch/PT26_c890544_baseline/workdir/expect_ok_no_constr/torch.nn.functional.kl_div.yaml_workdir/timeout_script_record,,
torch.nn.functional.log_softmax,timeout,11,/local1/xdanning/docter/expr/pytorch/PT26_c890544_baseline/workdir/expect_ok_no_constr/torch.nn.functional.log_softmax.yaml_workdir/timeout_script_record,,
torch.nn.functional.nll_loss,timeout,1,/local1/xdanning/docter/expr/pytorch/PT26_c890544_baseline/workdir/expect_ok_no_constr/torch.nn.functional.nll_loss.yaml_workdir/timeout_script_record,,
torch.nn.functional.normalize,timeout,17,/local1/xdanning/docter/expr/pytorch/PT26_c890544_baseline/workdir/expect_ok_no_constr/torch.nn.functional.normalize.yaml_workdir/timeout_script_record,,
torch.nn.functional.pad,timeout,8,/local1/xdanning/docter/expr/pytorch/PT26_c890544_baseline/workdir/expect_ok_no_constr/torch.nn.functional.pad.yaml_workdir/timeout_script_record,,
torch.nn.functional.pdist,timeout,4,/local1/xdanning/docter/expr/pytorch/PT26_c890544_baseline/workdir/expect_ok_no_constr/torch.nn.functional.pdist.yaml_workdir/timeout_script_record,,
torch.nn.functional.poisson_nll_loss,Nan,1,/local1/xdanning/docter/expr/pytorch/PT26_c890544_baseline/workdir/expect_ok_no_constr/torch.nn.functional.poisson_nll_loss.yaml_workdir/Nan_script_record,,
torch.nn.functional.softmax,timeout,15,/local1/xdanning/docter/expr/pytorch/PT26_c890544_baseline/workdir/expect_ok_no_constr/torch.nn.functional.softmax.yaml_workdir/timeout_script_record,,
torch.nn.functional.softmin,timeout,107,/local1/xdanning/docter/expr/pytorch/PT26_c890544_baseline/workdir/expect_ok_no_constr/torch.nn.functional.softmin.yaml_workdir/timeout_script_record,,
torch.nn.groupnorm,timeout,24,/local1/xdanning/docter/expr/pytorch/PT26_c890544_baseline/workdir/expect_ok_no_constr/torch.nn.groupnorm.yaml_workdir/timeout_script_record,,
torch.nn.grucell,timeout,150,/local1/xdanning/docter/expr/pytorch/PT26_c890544_baseline/workdir/expect_ok_no_constr/torch.nn.grucell.yaml_workdir/timeout_script_record,,
torch.nn.hardshrink,timeout,25,/local1/xdanning/docter/expr/pytorch/PT26_c890544_baseline/workdir/expect_ok_no_constr/torch.nn.hardshrink.yaml_workdir/timeout_script_record,,
torch.nn.hardtanh,timeout,67,/local1/xdanning/docter/expr/pytorch/PT26_c890544_baseline/workdir/expect_ok_no_constr/torch.nn.hardtanh.yaml_workdir/timeout_script_record,,
torch.nn.init.constant_,timeout,19,/local1/xdanning/docter/expr/pytorch/PT26_c890544_baseline/workdir/expect_ok_no_constr/torch.nn.init.constant_.yaml_workdir/timeout_script_record,,
torch.nn.init.dirac_,timeout,66,/local1/xdanning/docter/expr/pytorch/PT26_c890544_baseline/workdir/expect_ok_no_constr/torch.nn.init.dirac_.yaml_workdir/timeout_script_record,,
torch.nn.init.orthogonal_,timeout,297,/local1/xdanning/docter/expr/pytorch/PT26_c890544_baseline/workdir/expect_ok_no_constr/torch.nn.init.orthogonal_.yaml_workdir/timeout_script_record,,
torch.nn.init.sparse_,timeout,19,/local1/xdanning/docter/expr/pytorch/PT26_c890544_baseline/workdir/expect_ok_no_constr/torch.nn.init.sparse_.yaml_workdir/timeout_script_record,,
torch.nn.init.xavier_normal_,timeout,40,/local1/xdanning/docter/expr/pytorch/PT26_c890544_baseline/workdir/expect_ok_no_constr/torch.nn.init.xavier_normal_.yaml_workdir/timeout_script_record,,
torch.nn.init.xavier_uniform_,timeout,46,/local1/xdanning/docter/expr/pytorch/PT26_c890544_baseline/workdir/expect_ok_no_constr/torch.nn.init.xavier_uniform_.yaml_workdir/timeout_script_record,,
torch.nn.instancenorm1d,timeout,10,/local1/xdanning/docter/expr/pytorch/PT26_c890544_baseline/workdir/expect_ok_no_constr/torch.nn.instancenorm1d.yaml_workdir/timeout_script_record,,
torch.nn.instancenorm2d,timeout,6,/local1/xdanning/docter/expr/pytorch/PT26_c890544_baseline/workdir/expect_ok_no_constr/torch.nn.instancenorm2d.yaml_workdir/timeout_script_record,,
torch.nn.instancenorm3d,timeout,5,/local1/xdanning/docter/expr/pytorch/PT26_c890544_baseline/workdir/expect_ok_no_constr/torch.nn.instancenorm3d.yaml_workdir/timeout_script_record,,
torch.nn.layernorm,timeout,7,/local1/xdanning/docter/expr/pytorch/PT26_c890544_baseline/workdir/expect_ok_no_constr/torch.nn.layernorm.yaml_workdir/timeout_script_record,,
torch.nn.leakyrelu,timeout,10,/local1/xdanning/docter/expr/pytorch/PT26_c890544_baseline/workdir/expect_ok_no_constr/torch.nn.leakyrelu.yaml_workdir/timeout_script_record,,
torch.nn.localresponsenorm,Kill,1,/local1/xdanning/docter/expr/pytorch/PT26_c890544_baseline/workdir/expect_ok_no_constr/torch.nn.localresponsenorm.yaml_workdir/Kill_script_record,,
torch.nn.localresponsenorm,timeout,178,/local1/xdanning/docter/expr/pytorch/PT26_c890544_baseline/workdir/expect_ok_no_constr/torch.nn.localresponsenorm.yaml_workdir/timeout_script_record,,
torch.nn.logsoftmax,timeout,86,/local1/xdanning/docter/expr/pytorch/PT26_c890544_baseline/workdir/expect_ok_no_constr/torch.nn.logsoftmax.yaml_workdir/timeout_script_record,,
torch.nn.lppool1d,timeout,19,/local1/xdanning/docter/expr/pytorch/PT26_c890544_baseline/workdir/expect_ok_no_constr/torch.nn.lppool1d.yaml_workdir/timeout_script_record,,
torch.nn.lppool2d,timeout,8,/local1/xdanning/docter/expr/pytorch/PT26_c890544_baseline/workdir/expect_ok_no_constr/torch.nn.lppool2d.yaml_workdir/timeout_script_record,,
torch.nn.lstmcell,timeout,151,/local1/xdanning/docter/expr/pytorch/PT26_c890544_baseline/workdir/expect_ok_no_constr/torch.nn.lstmcell.yaml_workdir/timeout_script_record,,
torch.nn.multimarginloss,timeout,59,/local1/xdanning/docter/expr/pytorch/PT26_c890544_baseline/workdir/expect_ok_no_constr/torch.nn.multimarginloss.yaml_workdir/timeout_script_record,,
torch.nn.parallel.data_parallel,timeout,3,/local1/xdanning/docter/expr/pytorch/PT26_c890544_baseline/workdir/expect_ok_no_constr/torch.nn.parallel.data_parallel.yaml_workdir/timeout_script_record,,
torch.nn.prelu,timeout,16,/local1/xdanning/docter/expr/pytorch/PT26_c890544_baseline/workdir/expect_ok_no_constr/torch.nn.prelu.yaml_workdir/timeout_script_record,,
torch.nn.reflectionpad1d,timeout,1,/local1/xdanning/docter/expr/pytorch/PT26_c890544_baseline/workdir/expect_ok_no_constr/torch.nn.reflectionpad1d.yaml_workdir/timeout_script_record,,
torch.nn.relu6,timeout,66,/local1/xdanning/docter/expr/pytorch/PT26_c890544_baseline/workdir/expect_ok_no_constr/torch.nn.relu6.yaml_workdir/timeout_script_record,,
torch.nn.relu,timeout,73,/local1/xdanning/docter/expr/pytorch/PT26_c890544_baseline/workdir/expect_ok_no_constr/torch.nn.relu.yaml_workdir/timeout_script_record,,
torch.nn.replicationpad2d,timeout,1,/local1/xdanning/docter/expr/pytorch/PT26_c890544_baseline/workdir/expect_ok_no_constr/torch.nn.replicationpad2d.yaml_workdir/timeout_script_record,,
torch.orgqr,Abort,1,/local1/xdanning/docter/expr/pytorch/PT26_c890544_baseline/workdir/expect_ok_no_constr/torch.orgqr.yaml_workdir/Abort_script_record,pt6,
torch.nn.replicationpad3d,timeout,2,/local1/xdanning/docter/expr/pytorch/PT26_c890544_baseline/workdir/expect_ok_no_constr/torch.nn.replicationpad3d.yaml_workdir/timeout_script_record,,
torch.nn.rnncell,timeout,151,/local1/xdanning/docter/expr/pytorch/PT26_c890544_baseline/workdir/expect_ok_no_constr/torch.nn.rnncell.yaml_workdir/timeout_script_record,,
torch.nn.rnn,timeout,12,/local1/xdanning/docter/expr/pytorch/PT26_c890544_baseline/workdir/expect_ok_no_constr/torch.nn.rnn.yaml_workdir/timeout_script_record,,
torch.nn.rrelu,timeout,3,/local1/xdanning/docter/expr/pytorch/PT26_c890544_baseline/workdir/expect_ok_no_constr/torch.nn.rrelu.yaml_workdir/timeout_script_record,,
torch.nn.selu,timeout,28,/local1/xdanning/docter/expr/pytorch/PT26_c890544_baseline/workdir/expect_ok_no_constr/torch.nn.selu.yaml_workdir/timeout_script_record,,
torch.nn.softmax,timeout,76,/local1/xdanning/docter/expr/pytorch/PT26_c890544_baseline/workdir/expect_ok_no_constr/torch.nn.softmax.yaml_workdir/timeout_script_record,,
torch.nn.softmin,timeout,205,/local1/xdanning/docter/expr/pytorch/PT26_c890544_baseline/workdir/expect_ok_no_constr/torch.nn.softmin.yaml_workdir/timeout_script_record,,
torch.nn.softplus,timeout,9,/local1/xdanning/docter/expr/pytorch/PT26_c890544_baseline/workdir/expect_ok_no_constr/torch.nn.softplus.yaml_workdir/timeout_script_record,,
torch.nn.softshrink,timeout,15,/local1/xdanning/docter/expr/pytorch/PT26_c890544_baseline/workdir/expect_ok_no_constr/torch.nn.softshrink.yaml_workdir/timeout_script_record,,
torch.nn.syncbatchnorm,timeout,3,/local1/xdanning/docter/expr/pytorch/PT26_c890544_baseline/workdir/expect_ok_no_constr/torch.nn.syncbatchnorm.yaml_workdir/timeout_script_record,,
torch.nn.threshold,timeout,1,/local1/xdanning/docter/expr/pytorch/PT26_c890544_baseline/workdir/expect_ok_no_constr/torch.nn.threshold.yaml_workdir/timeout_script_record,,
torch.nn.transformerdecoderlayer,timeout,183,/local1/xdanning/docter/expr/pytorch/PT26_c890544_baseline/workdir/expect_ok_no_constr/torch.nn.transformerdecoderlayer.yaml_workdir/timeout_script_record,,
torch.nn.transformerdecoder,Kill,7,/local1/xdanning/docter/expr/pytorch/PT26_c890544_baseline/workdir/expect_ok_no_constr/torch.nn.transformerdecoder.yaml_workdir/Kill_script_record,,
torch.nn.transformerdecoder,timeout,25,/local1/xdanning/docter/expr/pytorch/PT26_c890544_baseline/workdir/expect_ok_no_constr/torch.nn.transformerdecoder.yaml_workdir/timeout_script_record,,
torch.nn.transformerencoderlayer,timeout,179,/local1/xdanning/docter/expr/pytorch/PT26_c890544_baseline/workdir/expect_ok_no_constr/torch.nn.transformerencoderlayer.yaml_workdir/timeout_script_record,,
torch.nn.transformerencoder,Kill,7,/local1/xdanning/docter/expr/pytorch/PT26_c890544_baseline/workdir/expect_ok_no_constr/torch.nn.transformerencoder.yaml_workdir/Kill_script_record,,
torch.nn.transformerencoder,timeout,28,/local1/xdanning/docter/expr/pytorch/PT26_c890544_baseline/workdir/expect_ok_no_constr/torch.nn.transformerencoder.yaml_workdir/timeout_script_record,,
torch.nn.transformer,timeout,107,/local1/xdanning/docter/expr/pytorch/PT26_c890544_baseline/workdir/expect_ok_no_constr/torch.nn.transformer.yaml_workdir/timeout_script_record,,
torch.nn.upsample,timeout,4,/local1/xdanning/docter/expr/pytorch/PT26_c890544_baseline/workdir/expect_ok_no_constr/torch.nn.upsample.yaml_workdir/timeout_script_record,,
torch.nn.upsamplingbilinear2d,Kill,1,/local1/xdanning/docter/expr/pytorch/PT26_c890544_baseline/workdir/expect_ok_no_constr/torch.nn.upsamplingbilinear2d.yaml_workdir/Kill_script_record,,
torch.fmod,Floating_Point_Exception,6,/local1/xdanning/docter/expr/pytorch/PT26_c890544_baseline/workdir/expect_ok_no_constr/torch.fmod.yaml_workdir/Floating_Point_Exception_script_record,pt9,
torch.nn.upsamplingbilinear2d,timeout,2,/local1/xdanning/docter/expr/pytorch/PT26_c890544_baseline/workdir/expect_ok_no_constr/torch.nn.upsamplingbilinear2d.yaml_workdir/timeout_script_record,,
torch.nn.upsamplingnearest2d,timeout,3,/local1/xdanning/docter/expr/pytorch/PT26_c890544_baseline/workdir/expect_ok_no_constr/torch.nn.upsamplingnearest2d.yaml_workdir/timeout_script_record,,
torch.nn.utils.parameters_to_vector,timeout,30,/local1/xdanning/docter/expr/pytorch/PT26_c890544_baseline/workdir/expect_ok_no_constr/torch.nn.utils.parameters_to_vector.yaml_workdir/timeout_script_record,,
torch.nn.utils.rnn.pack_padded_sequence,timeout,150,/local1/xdanning/docter/expr/pytorch/PT26_c890544_baseline/workdir/expect_ok_no_constr/torch.nn.utils.rnn.pack_padded_sequence.yaml_workdir/timeout_script_record,,
torch.nn.utils.rnn.pack_sequence,timeout,165,/local1/xdanning/docter/expr/pytorch/PT26_c890544_baseline/workdir/expect_ok_no_constr/torch.nn.utils.rnn.pack_sequence.yaml_workdir/timeout_script_record,,
torch.nn.utils.rnn.pad_sequence,timeout,43,/local1/xdanning/docter/expr/pytorch/PT26_c890544_baseline/workdir/expect_ok_no_constr/torch.nn.utils.rnn.pad_sequence.yaml_workdir/timeout_script_record,,
torch.nn.zeropad2d,timeout,19,/local1/xdanning/docter/expr/pytorch/PT26_c890544_baseline/workdir/expect_ok_no_constr/torch.nn.zeropad2d.yaml_workdir/timeout_script_record,,
torch.normal22,timeout,10,/local1/xdanning/docter/expr/pytorch/PT26_c890544_baseline/workdir/expect_ok_no_constr/torch.normal22.yaml_workdir/timeout_script_record,,
torch.normal2,timeout,4,/local1/xdanning/docter/expr/pytorch/PT26_c890544_baseline/workdir/expect_ok_no_constr/torch.normal2.yaml_workdir/timeout_script_record,,
torch.normal,timeout,3,/local1/xdanning/docter/expr/pytorch/PT26_c890544_baseline/workdir/expect_ok_no_constr/torch.normal.yaml_workdir/timeout_script_record,,
torch.norm,timeout,1,/local1/xdanning/docter/expr/pytorch/PT26_c890544_baseline/workdir/expect_ok_no_constr/torch.norm.yaml_workdir/timeout_script_record,,
torch.onnx.export,timeout,8,/local1/xdanning/docter/expr/pytorch/PT26_c890544_baseline/workdir/expect_ok_no_constr/torch.onnx.export.yaml_workdir/timeout_script_record,,
torch.nn.upsamplingbilinear2d,Segmentation_Fault,1,/local1/xdanning/docter/expr/pytorch/PT26_c890544_baseline/workdir/expect_ok_no_constr/torch.nn.upsamplingbilinear2d.yaml_workdir/Segmentation_Fault_script_record,,
torch.pca_lowrank,timeout,111,/local1/xdanning/docter/expr/pytorch/PT26_c890544_baseline/workdir/expect_ok_no_constr/torch.pca_lowrank.yaml_workdir/timeout_script_record,,
torch.pinverse,timeout,104,/local1/xdanning/docter/expr/pytorch/PT26_c890544_baseline/workdir/expect_ok_no_constr/torch.pinverse.yaml_workdir/timeout_script_record,,
torch.pow2,timeout,13,/local1/xdanning/docter/expr/pytorch/PT26_c890544_baseline/workdir/expect_ok_no_constr/torch.pow2.yaml_workdir/timeout_script_record,,
torch.pow,timeout,14,/local1/xdanning/docter/expr/pytorch/PT26_c890544_baseline/workdir/expect_ok_no_constr/torch.pow.yaml_workdir/timeout_script_record,,
torch.prod,timeout,57,/local1/xdanning/docter/expr/pytorch/PT26_c890544_baseline/workdir/expect_ok_no_constr/torch.prod.yaml_workdir/timeout_script_record,,
torch.qr,timeout,58,/local1/xdanning/docter/expr/pytorch/PT26_c890544_baseline/workdir/expect_ok_no_constr/torch.qr.yaml_workdir/timeout_script_record,,
torch.reciprocal,timeout,25,/local1/xdanning/docter/expr/pytorch/PT26_c890544_baseline/workdir/expect_ok_no_constr/torch.reciprocal.yaml_workdir/timeout_script_record,,
torch.remainder,timeout,26,/local1/xdanning/docter/expr/pytorch/PT26_c890544_baseline/workdir/expect_ok_no_constr/torch.remainder.yaml_workdir/timeout_script_record,,
torch.repeat_interleave,timeout,25,/local1/xdanning/docter/expr/pytorch/PT26_c890544_baseline/workdir/expect_ok_no_constr/torch.repeat_interleave.yaml_workdir/timeout_script_record,,
torch.roll,timeout,2,/local1/xdanning/docter/expr/pytorch/PT26_c890544_baseline/workdir/expect_ok_no_constr/torch.roll.yaml_workdir/timeout_script_record,,
torch.round,timeout,56,/local1/xdanning/docter/expr/pytorch/PT26_c890544_baseline/workdir/expect_ok_no_constr/torch.round.yaml_workdir/timeout_script_record,,
torch.rsqrt,timeout,20,/local1/xdanning/docter/expr/pytorch/PT26_c890544_baseline/workdir/expect_ok_no_constr/torch.rsqrt.yaml_workdir/timeout_script_record,,
torch.sigmoid,timeout,13,/local1/xdanning/docter/expr/pytorch/PT26_c890544_baseline/workdir/expect_ok_no_constr/torch.sigmoid.yaml_workdir/timeout_script_record,,
torch.sign,timeout,77,/local1/xdanning/docter/expr/pytorch/PT26_c890544_baseline/workdir/expect_ok_no_constr/torch.sign.yaml_workdir/timeout_script_record,,
torch.sinh,timeout,16,/local1/xdanning/docter/expr/pytorch/PT26_c890544_baseline/workdir/expect_ok_no_constr/torch.sinh.yaml_workdir/timeout_script_record,,
torch.sin,timeout,31,/local1/xdanning/docter/expr/pytorch/PT26_c890544_baseline/workdir/expect_ok_no_constr/torch.sin.yaml_workdir/timeout_script_record,,
torch.slogdet,timeout,2,/local1/xdanning/docter/expr/pytorch/PT26_c890544_baseline/workdir/expect_ok_no_constr/torch.slogdet.yaml_workdir/timeout_script_record,,
torch.sort,timeout,12,/local1/xdanning/docter/expr/pytorch/PT26_c890544_baseline/workdir/expect_ok_no_constr/torch.sort.yaml_workdir/timeout_script_record,,
torch.sparse_coo_tensor,timeout,4,/local1/xdanning/docter/expr/pytorch/PT26_c890544_baseline/workdir/expect_ok_no_constr/torch.sparse_coo_tensor.yaml_workdir/timeout_script_record,,
torch.sqrt,timeout,25,/local1/xdanning/docter/expr/pytorch/PT26_c890544_baseline/workdir/expect_ok_no_constr/torch.sqrt.yaml_workdir/timeout_script_record,,
torch.square,timeout,57,/local1/xdanning/docter/expr/pytorch/PT26_c890544_baseline/workdir/expect_ok_no_constr/torch.square.yaml_workdir/timeout_script_record,,
torch.std_mean,timeout,33,/local1/xdanning/docter/expr/pytorch/PT26_c890544_baseline/workdir/expect_ok_no_constr/torch.std_mean.yaml_workdir/timeout_script_record,,
torch.std,timeout,7,/local1/xdanning/docter/expr/pytorch/PT26_c890544_baseline/workdir/expect_ok_no_constr/torch.std.yaml_workdir/timeout_script_record,,
torch.stft,timeout,62,/local1/xdanning/docter/expr/pytorch/PT26_c890544_baseline/workdir/expect_ok_no_constr/torch.stft.yaml_workdir/timeout_script_record,,
torch.sum,timeout,52,/local1/xdanning/docter/expr/pytorch/PT26_c890544_baseline/workdir/expect_ok_no_constr/torch.sum.yaml_workdir/timeout_script_record,,
torch.svd,timeout,10,/local1/xdanning/docter/expr/pytorch/PT26_c890544_baseline/workdir/expect_ok_no_constr/torch.svd.yaml_workdir/timeout_script_record,,
torch.tanh,timeout,41,/local1/xdanning/docter/expr/pytorch/PT26_c890544_baseline/workdir/expect_ok_no_constr/torch.tanh.yaml_workdir/timeout_script_record,,
torch.tan,timeout,39,/local1/xdanning/docter/expr/pytorch/PT26_c890544_baseline/workdir/expect_ok_no_constr/torch.tan.yaml_workdir/timeout_script_record,,
torch.tensordot,Kill,9,/local1/xdanning/docter/expr/pytorch/PT26_c890544_baseline/workdir/expect_ok_no_constr/torch.tensordot.yaml_workdir/Kill_script_record,,
torch.tensordot,timeout,7,/local1/xdanning/docter/expr/pytorch/PT26_c890544_baseline/workdir/expect_ok_no_constr/torch.tensordot.yaml_workdir/timeout_script_record,,
torch.tensor,timeout,6,/local1/xdanning/docter/expr/pytorch/PT26_c890544_baseline/workdir/expect_ok_no_constr/torch.tensor.yaml_workdir/timeout_script_record,,
torch.trapz2,timeout,22,/local1/xdanning/docter/expr/pytorch/PT26_c890544_baseline/workdir/expect_ok_no_constr/torch.trapz2.yaml_workdir/timeout_script_record,,
torch.trapz,timeout,41,/local1/xdanning/docter/expr/pytorch/PT26_c890544_baseline/workdir/expect_ok_no_constr/torch.trapz.yaml_workdir/timeout_script_record,,
torch.tril,timeout,228,/local1/xdanning/docter/expr/pytorch/PT26_c890544_baseline/workdir/expect_ok_no_constr/torch.tril.yaml_workdir/timeout_script_record,,
torch.triu,timeout,227,/local1/xdanning/docter/expr/pytorch/PT26_c890544_baseline/workdir/expect_ok_no_constr/torch.triu.yaml_workdir/timeout_script_record,,
torch.trunc,timeout,7,/local1/xdanning/docter/expr/pytorch/PT26_c890544_baseline/workdir/expect_ok_no_constr/torch.trunc.yaml_workdir/timeout_script_record,,
torch.utils.checkpoint.checkpoint_sequential,timeout,116,/local1/xdanning/docter/expr/pytorch/PT26_c890544_baseline/workdir/expect_ok_no_constr/torch.utils.checkpoint.checkpoint_sequential.yaml_workdir/timeout_script_record,,
torch.utils.cpp_extension.load,timeout,2,/local1/xdanning/docter/expr/pytorch/PT26_c890544_baseline/workdir/expect_ok_no_constr/torch.utils.cpp_extension.load.yaml_workdir/timeout_script_record,,
torch.utils.data.random_split,timeout,24,/local1/xdanning/docter/expr/pytorch/PT26_c890544_baseline/workdir/expect_ok_no_constr/torch.utils.data.random_split.yaml_workdir/timeout_script_record,,
torch.var_mean,timeout,27,/local1/xdanning/docter/expr/pytorch/PT26_c890544_baseline/workdir/expect_ok_no_constr/torch.var_mean.yaml_workdir/timeout_script_record,,
torch.var,timeout,2,/local1/xdanning/docter/expr/pytorch/PT26_c890544_baseline/workdir/expect_ok_no_constr/torch.var.yaml_workdir/timeout_script_record,,
torch.zeros_like,timeout,3,/local1/xdanning/docter/expr/pytorch/PT26_c890544_baseline/workdir/expect_ok_no_constr/torch.zeros_like.yaml_workdir/timeout_script_record,,
