"CPP_API, URL, REGOP"
tensorflow::ops::BatchToSpace,https://www.tensorflow.org/api_docs/cc/class/tensorflow/ops/batch-to-space.html,"./array_ops.cc:REGISTER_OP(""BatchToSpace"")"
tensorflow::ops::BatchToSpaceND,https://www.tensorflow.org/api_docs/cc/class/tensorflow/ops/batch-to-space-n-d.html,"./array_ops.cc:REGISTER_OP(""BatchToSpaceND"")"
tensorflow::ops::Bitcast,https://www.tensorflow.org/api_docs/cc/class/tensorflow/ops/bitcast.html,
tensorflow::ops::BroadcastDynamicShape,https://www.tensorflow.org/api_docs/cc/class/tensorflow/ops/broadcast-dynamic-shape.html,
tensorflow::ops::BroadcastTo,https://www.tensorflow.org/api_docs/cc/class/tensorflow/ops/broadcast-to.html,"./array_ops.cc:REGISTER_OP(""BroadcastTo"")"
tensorflow::ops::CheckNumerics,https://www.tensorflow.org/api_docs/cc/class/tensorflow/ops/check-numerics.html,"./array_ops.cc:REGISTER_OP(""CheckNumerics"")"
tensorflow::ops::Concat,https://www.tensorflow.org/api_docs/cc/class/tensorflow/ops/concat.html,"./array_ops.cc:REGISTER_OP(""Concat"")"
tensorflow::ops::ConjugateTranspose,https://www.tensorflow.org/api_docs/cc/class/tensorflow/ops/conjugate-transpose.html,"./array_ops.cc:REGISTER_OP(""ConjugateTranspose"")"
tensorflow::ops::DebugGradientIdentity,https://www.tensorflow.org/api_docs/cc/class/tensorflow/ops/debug-gradient-identity.html,"./array_ops.cc:REGISTER_OP(""DebugGradientIdentity"")"
tensorflow::ops::DebugGradientRefIdentity,https://www.tensorflow.org/api_docs/cc/class/tensorflow/ops/debug-gradient-ref-identity.html,"./array_ops.cc:REGISTER_OP(""DebugGradientRefIdentity"")"
tensorflow::ops::DeepCopy,https://www.tensorflow.org/api_docs/cc/class/tensorflow/ops/deep-copy.html,"./array_ops.cc:REGISTER_OP(""DeepCopy"")"
tensorflow::ops::DepthToSpace,https://www.tensorflow.org/api_docs/cc/class/tensorflow/ops/depth-to-space.html,"./array_ops.cc:REGISTER_OP(""DepthToSpace"")"
tensorflow::ops::Dequantize,https://www.tensorflow.org/api_docs/cc/class/tensorflow/ops/dequantize.html,"./array_ops.cc:REGISTER_OP(""Dequantize"")"
tensorflow::ops::Diag,https://www.tensorflow.org/api_docs/cc/class/tensorflow/ops/diag.html,"./array_ops.cc:REGISTER_OP(""Diag"")"
tensorflow::ops::DiagPart,https://www.tensorflow.org/api_docs/cc/class/tensorflow/ops/diag-part.html,"./array_ops.cc:REGISTER_OP(""DiagPart"")"
tensorflow::ops::EditDistance,https://www.tensorflow.org/api_docs/cc/class/tensorflow/ops/edit-distance.html,"./array_ops.cc:REGISTER_OP(""EditDistance"")"
tensorflow::ops::Empty,https://www.tensorflow.org/api_docs/cc/class/tensorflow/ops/empty.html,"./array_ops.cc:REGISTER_OP(""Empty"")"
tensorflow::ops::EnsureShape,https://www.tensorflow.org/api_docs/cc/class/tensorflow/ops/ensure-shape.html,"./array_ops.cc:REGISTER_OP(""EnsureShape"")"
tensorflow::ops::ExpandDims,https://www.tensorflow.org/api_docs/cc/class/tensorflow/ops/expand-dims.html,"./array_ops.cc:REGISTER_OP(""ExpandDims"")"
tensorflow::ops::ExtractImagePatches,https://www.tensorflow.org/api_docs/cc/class/tensorflow/ops/extract-image-patches.html,"./array_ops.cc:REGISTER_OP(""ExtractImagePatches"")"
tensorflow::ops::ExtractVolumePatches,https://www.tensorflow.org/api_docs/cc/class/tensorflow/ops/extract-volume-patches.html,"./array_ops.cc:REGISTER_OP(""ExtractVolumePatches"")"
tensorflow::ops::FakeQuantWithMinMaxArgs,https://www.tensorflow.org/api_docs/cc/class/tensorflow/ops/fake-quant-with-min-max-args.html,"./array_ops.cc:REGISTER_OP(""FakeQuantWithMinMaxArgs"")"
tensorflow::ops::FakeQuantWithMinMaxArgsGradient,https://www.tensorflow.org/api_docs/cc/class/tensorflow/ops/fake-quant-with-min-max-args-gradient.html,"./array_ops.cc:REGISTER_OP(""FakeQuantWithMinMaxArgsGradient"")"
tensorflow::ops::FakeQuantWithMinMaxVars,https://www.tensorflow.org/api_docs/cc/class/tensorflow/ops/fake-quant-with-min-max-vars.html,"./array_ops.cc:REGISTER_OP(""FakeQuantWithMinMaxVars"")"
tensorflow::ops::FakeQuantWithMinMaxVarsGradient,https://www.tensorflow.org/api_docs/cc/class/tensorflow/ops/fake-quant-with-min-max-vars-gradient.html,"./array_ops.cc:REGISTER_OP(""FakeQuantWithMinMaxVarsGradient"")"
tensorflow::ops::FakeQuantWithMinMaxVarsPerChannel,https://www.tensorflow.org/api_docs/cc/class/tensorflow/ops/fake-quant-with-min-max-vars-per-channel.html,"./array_ops.cc:REGISTER_OP(""FakeQuantWithMinMaxVarsPerChannel"")"
tensorflow::ops::FakeQuantWithMinMaxVarsPerChannelGradient,https://www.tensorflow.org/api_docs/cc/class/tensorflow/ops/fake-quant-with-min-max-vars-per-channel-gradient.html,"./array_ops.cc:REGISTER_OP(""FakeQuantWithMinMaxVarsPerChannelGradient"")"
tensorflow::ops::Fill,https://www.tensorflow.org/api_docs/cc/class/tensorflow/ops/fill.html,"./array_ops.cc:REGISTER_OP(""Fill"")"
tensorflow::ops::Fingerprint,https://www.tensorflow.org/api_docs/cc/class/tensorflow/ops/fingerprint.html,"./array_ops.cc:REGISTER_OP(""Fingerprint"")"
tensorflow::ops::Gather,https://www.tensorflow.org/api_docs/cc/class/tensorflow/ops/gather.html,"./array_ops.cc:REGISTER_OP(""Gather"")"
tensorflow::ops::GatherNd,https://www.tensorflow.org/api_docs/cc/class/tensorflow/ops/gather-nd.html,"./array_ops.cc:REGISTER_OP(""GatherNd"")"
tensorflow::ops::GatherV2,https://www.tensorflow.org/api_docs/cc/class/tensorflow/ops/gather-v2.html,"./array_ops.cc:REGISTER_OP(""GatherV2"")"
tensorflow::ops::GuaranteeConst,https://www.tensorflow.org/api_docs/cc/class/tensorflow/ops/guarantee-const.html,"./array_ops.cc:REGISTER_OP(""GuaranteeConst"")"
tensorflow::ops::Identity,https://www.tensorflow.org/api_docs/cc/class/tensorflow/ops/identity.html,"./array_ops.cc:REGISTER_OP(""Identity"")"
tensorflow::ops::IdentityN,https://www.tensorflow.org/api_docs/cc/class/tensorflow/ops/identity-n.html,"./array_ops.cc:REGISTER_OP(""IdentityN"")"
tensorflow::ops::ImmutableConst,https://www.tensorflow.org/api_docs/cc/class/tensorflow/ops/immutable-const.html,"./array_ops.cc:REGISTER_OP(""ImmutableConst"")"
tensorflow::ops::InplaceAdd,https://www.tensorflow.org/api_docs/cc/class/tensorflow/ops/inplace-add.html,"./array_ops.cc:REGISTER_OP(""InplaceAdd"")"
tensorflow::ops::InplaceSub,https://www.tensorflow.org/api_docs/cc/class/tensorflow/ops/inplace-sub.html,"./array_ops.cc:REGISTER_OP(""InplaceSub"")"
tensorflow::ops::InplaceUpdate,https://www.tensorflow.org/api_docs/cc/class/tensorflow/ops/inplace-update.html,"./array_ops.cc:REGISTER_OP(""InplaceUpdate"")"
tensorflow::ops::InvertPermutation,https://www.tensorflow.org/api_docs/cc/class/tensorflow/ops/invert-permutation.html,"./array_ops.cc:REGISTER_OP(""InvertPermutation"")"
tensorflow::ops::MatrixBandPart,https://www.tensorflow.org/api_docs/cc/class/tensorflow/ops/matrix-band-part.html,"./array_ops.cc:REGISTER_OP(""MatrixBandPart"")"
tensorflow::ops::MatrixDiag,https://www.tensorflow.org/api_docs/cc/class/tensorflow/ops/matrix-diag.html,"./array_ops.cc:REGISTER_OP(""MatrixDiag"")"
tensorflow::ops::MatrixDiagPart,https://www.tensorflow.org/api_docs/cc/class/tensorflow/ops/matrix-diag-part.html,"./array_ops.cc:REGISTER_OP(""MatrixDiagPart"")"
tensorflow::ops::MatrixDiagPartV2,https://www.tensorflow.org/api_docs/cc/class/tensorflow/ops/matrix-diag-part-v2.html,"./array_ops.cc:REGISTER_OP(""MatrixDiagPartV2"")"
tensorflow::ops::MatrixDiagV2,https://www.tensorflow.org/api_docs/cc/class/tensorflow/ops/matrix-diag-v2.html,"./array_ops.cc:REGISTER_OP(""MatrixDiagV2"")"
tensorflow::ops::MatrixSetDiag,https://www.tensorflow.org/api_docs/cc/class/tensorflow/ops/matrix-set-diag.html,"./array_ops.cc:REGISTER_OP(""MatrixSetDiag"")"
tensorflow::ops::MatrixSetDiagV2,https://www.tensorflow.org/api_docs/cc/class/tensorflow/ops/matrix-set-diag-v2.html,"./array_ops.cc:REGISTER_OP(""MatrixSetDiagV2"")"
tensorflow::ops::MirrorPad,https://www.tensorflow.org/api_docs/cc/class/tensorflow/ops/mirror-pad.html,"./array_ops.cc:REGISTER_OP(""MirrorPad"")"
tensorflow::ops::OneHot,https://www.tensorflow.org/api_docs/cc/class/tensorflow/ops/one-hot.html,"./array_ops.cc:REGISTER_OP(""OneHot"")"
tensorflow::ops::OnesLike,https://www.tensorflow.org/api_docs/cc/class/tensorflow/ops/ones-like.html,"./array_ops.cc:REGISTER_OP(""OnesLike"")"
tensorflow::ops::Pad,https://www.tensorflow.org/api_docs/cc/class/tensorflow/ops/pad.html,"./array_ops.cc:REGISTER_OP(""Pad"")"
tensorflow::ops::PadV2,https://www.tensorflow.org/api_docs/cc/class/tensorflow/ops/pad-v2.html,"./array_ops.cc:REGISTER_OP(""PadV2"")"
tensorflow::ops::ParallelConcat,https://www.tensorflow.org/api_docs/cc/class/tensorflow/ops/parallel-concat.html,"./array_ops.cc:REGISTER_OP(""ParallelConcat"")"
tensorflow::ops::Placeholder,https://www.tensorflow.org/api_docs/cc/class/tensorflow/ops/placeholder.html,"./array_ops.cc:REGISTER_OP(""Placeholder"")"
tensorflow::ops::PlaceholderWithDefault,https://www.tensorflow.org/api_docs/cc/class/tensorflow/ops/placeholder-with-default.html,"./array_ops.cc:REGISTER_OP(""PlaceholderWithDefault"")"
tensorflow::ops::PreventGradient,https://www.tensorflow.org/api_docs/cc/class/tensorflow/ops/prevent-gradient.html,"./array_ops.cc:REGISTER_OP(""PreventGradient"")"
tensorflow::ops::QuantizeAndDequantizeV2,https://www.tensorflow.org/api_docs/cc/class/tensorflow/ops/quantize-and-dequantize-v2.html,"./array_ops.cc:REGISTER_OP(""QuantizeAndDequantizeV2"")"
tensorflow::ops::QuantizeAndDequantizeV3,https://www.tensorflow.org/api_docs/cc/class/tensorflow/ops/quantize-and-dequantize-v3.html,"./array_ops.cc:REGISTER_OP(""QuantizeAndDequantizeV3"")"
tensorflow::ops::QuantizeV2,https://www.tensorflow.org/api_docs/cc/class/tensorflow/ops/quantize-v2.html,"./array_ops.cc:REGISTER_OP(""QuantizeV2"")"
tensorflow::ops::QuantizedConcat,https://www.tensorflow.org/api_docs/cc/class/tensorflow/ops/quantized-concat.html,"./array_ops.cc:REGISTER_OP(""QuantizedConcat"")"
tensorflow::ops::QuantizedInstanceNorm,https://www.tensorflow.org/api_docs/cc/class/tensorflow/ops/quantized-instance-norm.html,"./array_ops.cc:REGISTER_OP(""QuantizedInstanceNorm"")"
tensorflow::ops::SetDiff1D,https://www.tensorflow.org/api_docs/cc/class/tensorflow/ops/set-diff1-d.html,
tensorflow::ops::Stack,https://www.tensorflow.org/api_docs/cc/class/tensorflow/ops/stack.html,"./data_flow_ops.cc:REGISTER_OP(""Stack"")"
tensorflow::ops::Where,https://www.tensorflow.org/api_docs/cc/class/tensorflow/ops/where.html,"./array_ops.cc:REGISTER_OP(""Where"")"
tensorflow::ops::ZerosLike,https://www.tensorflow.org/api_docs/cc/class/tensorflow/ops/zeros-like.html,"./array_ops.cc:REGISTER_OP(""ZerosLike"")"
tensorflow::ops::AllCandidateSampler,https://www.tensorflow.org/api_docs/cc/class/tensorflow/ops/all-candidate-sampler.html,"./candidate_sampling_ops.cc:REGISTER_OP(""AllCandidateSampler"")"
tensorflow::ops::ComputeAccidentalHits,https://www.tensorflow.org/api_docs/cc/class/tensorflow/ops/compute-accidental-hits.html,"./candidate_sampling_ops.cc:REGISTER_OP(""ComputeAccidentalHits"")"
tensorflow::ops::FixedUnigramCandidateSampler,https://www.tensorflow.org/api_docs/cc/class/tensorflow/ops/fixed-unigram-candidate-sampler.html,"./candidate_sampling_ops.cc:REGISTER_OP(""FixedUnigramCandidateSampler"")"
tensorflow::ops::LearnedUnigramCandidateSampler,https://www.tensorflow.org/api_docs/cc/class/tensorflow/ops/learned-unigram-candidate-sampler.html,"./candidate_sampling_ops.cc:REGISTER_OP(""LearnedUnigramCandidateSampler"")"
tensorflow::ops::LogUniformCandidateSampler,https://www.tensorflow.org/api_docs/cc/class/tensorflow/ops/log-uniform-candidate-sampler.html,"./candidate_sampling_ops.cc:REGISTER_OP(""LogUniformCandidateSampler"")"
tensorflow::ops::UniformCandidateSampler,https://www.tensorflow.org/api_docs/cc/class/tensorflow/ops/uniform-candidate-sampler.html,"./candidate_sampling_ops.cc:REGISTER_OP(""UniformCandidateSampler"")"
tensorflow::ops::Abort,https://www.tensorflow.org/api_docs/cc/class/tensorflow/ops/abort.html,"./control_flow_ops.cc:REGISTER_OP(""Abort"")"
tensorflow::ops::ControlTrigger,https://www.tensorflow.org/api_docs/cc/class/tensorflow/ops/control-trigger.html,"./control_flow_ops.cc:REGISTER_OP(""ControlTrigger"").SetShapeFn(shape_inference::NoOutputs);"
tensorflow::ops::LoopCond,https://www.tensorflow.org/api_docs/cc/class/tensorflow/ops/loop-cond.html,"./control_flow_ops.cc:REGISTER_OP(""LoopCond"")"
tensorflow::ops::Merge,https://www.tensorflow.org/api_docs/cc/class/tensorflow/ops/merge.html,"./control_flow_ops.cc:REGISTER_OP(""Merge"")"
tensorflow::ops::NextIteration,https://www.tensorflow.org/api_docs/cc/class/tensorflow/ops/next-iteration.html,"./control_flow_ops.cc:REGISTER_OP(""NextIteration"")"
tensorflow::ops::RefNextIteration,https://www.tensorflow.org/api_docs/cc/class/tensorflow/ops/ref-next-iteration.html,"./control_flow_ops.cc:REGISTER_OP(""RefNextIteration"")"
tensorflow::ops::RefSelect,https://www.tensorflow.org/api_docs/cc/class/tensorflow/ops/ref-select.html,"./control_flow_ops.cc:REGISTER_OP(""RefSelect"")"
tensorflow::ops::RefSwitch,https://www.tensorflow.org/api_docs/cc/class/tensorflow/ops/ref-switch.html,"./control_flow_ops.cc:REGISTER_OP(""RefSwitch"")"
tensorflow::ops::Switch,https://www.tensorflow.org/api_docs/cc/class/tensorflow/ops/switch.html,"./control_flow_ops.cc:REGISTER_OP(""Switch"")"
tensorflow::ClientSession,https://www.tensorflow.org/api_docs/cc/class/tensorflow/client-session.html,
tensorflow::Input,https://www.tensorflow.org/api_docs/cc/class/tensorflow/input.html,
tensorflow::InputList,https://www.tensorflow.org/api_docs/cc/class/tensorflow/input-list.html,
tensorflow::Operation,https://www.tensorflow.org/api_docs/cc/class/tensorflow/operation.html,
tensorflow::Output,https://www.tensorflow.org/api_docs/cc/class/tensorflow/output.html,
tensorflow::Scope,https://www.tensorflow.org/api_docs/cc/class/tensorflow/scope.html,
tensorflow::Status,https://www.tensorflow.org/api_docs/cc/class/tensorflow/status.html,
tensorflow::Tensor,https://www.tensorflow.org/api_docs/cc/class/tensorflow/tensor.html,
tensorflow::ops::AccumulatorApplyGradient,https://www.tensorflow.org/api_docs/cc/class/tensorflow/ops/accumulator-apply-gradient.html,"./data_flow_ops.cc:REGISTER_OP(""AccumulatorApplyGradient"")"
tensorflow::ops::AccumulatorNumAccumulated,https://www.tensorflow.org/api_docs/cc/class/tensorflow/ops/accumulator-num-accumulated.html,"./data_flow_ops.cc:REGISTER_OP(""AccumulatorNumAccumulated"")"
tensorflow::ops::AccumulatorSetGlobalStep,https://www.tensorflow.org/api_docs/cc/class/tensorflow/ops/accumulator-set-global-step.html,"./data_flow_ops.cc:REGISTER_OP(""AccumulatorSetGlobalStep"")"
tensorflow::ops::AccumulatorTakeGradient,https://www.tensorflow.org/api_docs/cc/class/tensorflow/ops/accumulator-take-gradient.html,"./data_flow_ops.cc:REGISTER_OP(""AccumulatorTakeGradient"")"
tensorflow::ops::Barrier,https://www.tensorflow.org/api_docs/cc/class/tensorflow/ops/barrier.html,"./data_flow_ops.cc:REGISTER_OP(""Barrier"")"
tensorflow::ops::BarrierClose,https://www.tensorflow.org/api_docs/cc/class/tensorflow/ops/barrier-close.html,"./data_flow_ops.cc:REGISTER_OP(""BarrierClose"")"
tensorflow::ops::BarrierIncompleteSize,https://www.tensorflow.org/api_docs/cc/class/tensorflow/ops/barrier-incomplete-size.html,"./data_flow_ops.cc:REGISTER_OP(""BarrierIncompleteSize"")"
tensorflow::ops::BarrierInsertMany,https://www.tensorflow.org/api_docs/cc/class/tensorflow/ops/barrier-insert-many.html,"./data_flow_ops.cc:REGISTER_OP(""BarrierInsertMany"")"
tensorflow::ops::BarrierReadySize,https://www.tensorflow.org/api_docs/cc/class/tensorflow/ops/barrier-ready-size.html,"./data_flow_ops.cc:REGISTER_OP(""BarrierReadySize"")"
tensorflow::ops::BarrierTakeMany,https://www.tensorflow.org/api_docs/cc/class/tensorflow/ops/barrier-take-many.html,"./data_flow_ops.cc:REGISTER_OP(""BarrierTakeMany"")"
tensorflow::ops::ConditionalAccumulator,https://www.tensorflow.org/api_docs/cc/class/tensorflow/ops/conditional-accumulator.html,"./data_flow_ops.cc:REGISTER_OP(""ConditionalAccumulator"")"
tensorflow::ops::DeleteSessionTensor,https://www.tensorflow.org/api_docs/cc/class/tensorflow/ops/delete-session-tensor.html,"./data_flow_ops.cc:REGISTER_OP(""DeleteSessionTensor"")"
tensorflow::ops::DynamicPartition,https://www.tensorflow.org/api_docs/cc/class/tensorflow/ops/dynamic-partition.html,"./data_flow_ops.cc:REGISTER_OP(""DynamicPartition"")"
tensorflow::ops::DynamicStitch,https://www.tensorflow.org/api_docs/cc/class/tensorflow/ops/dynamic-stitch.html,"./data_flow_ops.cc:REGISTER_OP(""DynamicStitch"")"
tensorflow::ops::FIFOQueue,https://www.tensorflow.org/api_docs/cc/class/tensorflow/ops/f-i-f-o-queue.html,"./data_flow_ops.cc:REGISTER_OP(""FIFOQueue"")"
tensorflow::ops::GetSessionHandle,https://www.tensorflow.org/api_docs/cc/class/tensorflow/ops/get-session-handle.html,"./data_flow_ops.cc:REGISTER_OP(""GetSessionHandle"")"
tensorflow::ops::GetSessionHandleV2,https://www.tensorflow.org/api_docs/cc/class/tensorflow/ops/get-session-handle-v2.html,"./data_flow_ops.cc:REGISTER_OP(""GetSessionHandleV2"")"
tensorflow::ops::GetSessionTensor,https://www.tensorflow.org/api_docs/cc/class/tensorflow/ops/get-session-tensor.html,"./data_flow_ops.cc:REGISTER_OP(""GetSessionTensor"")"
tensorflow::ops::MapClear,https://www.tensorflow.org/api_docs/cc/class/tensorflow/ops/map-clear.html,"./data_flow_ops.cc:REGISTER_OP(""MapClear"")"
tensorflow::ops::MapIncompleteSize,https://www.tensorflow.org/api_docs/cc/class/tensorflow/ops/map-incomplete-size.html,"./data_flow_ops.cc:REGISTER_OP(""MapIncompleteSize"")"
tensorflow::ops::MapPeek,https://www.tensorflow.org/api_docs/cc/class/tensorflow/ops/map-peek.html,"./data_flow_ops.cc:REGISTER_OP(""MapPeek"")"
tensorflow::ops::MapSize,https://www.tensorflow.org/api_docs/cc/class/tensorflow/ops/map-size.html,"./data_flow_ops.cc:REGISTER_OP(""MapSize"")"
tensorflow::ops::MapStage,https://www.tensorflow.org/api_docs/cc/class/tensorflow/ops/map-stage.html,"./data_flow_ops.cc:REGISTER_OP(""MapStage"")"
tensorflow::ops::MapUnstage,https://www.tensorflow.org/api_docs/cc/class/tensorflow/ops/map-unstage.html,"./data_flow_ops.cc:REGISTER_OP(""MapUnstage"")"
tensorflow::ops::MapUnstageNoKey,https://www.tensorflow.org/api_docs/cc/class/tensorflow/ops/map-unstage-no-key.html,"./data_flow_ops.cc:REGISTER_OP(""MapUnstageNoKey"")"
tensorflow::ops::OrderedMapClear,https://www.tensorflow.org/api_docs/cc/class/tensorflow/ops/ordered-map-clear.html,"./data_flow_ops.cc:REGISTER_OP(""OrderedMapClear"")"
tensorflow::ops::OrderedMapIncompleteSize,https://www.tensorflow.org/api_docs/cc/class/tensorflow/ops/ordered-map-incomplete-size.html,"./data_flow_ops.cc:REGISTER_OP(""OrderedMapIncompleteSize"")"
tensorflow::ops::OrderedMapPeek,https://www.tensorflow.org/api_docs/cc/class/tensorflow/ops/ordered-map-peek.html,"./data_flow_ops.cc:REGISTER_OP(""OrderedMapPeek"")"
tensorflow::ops::OrderedMapSize,https://www.tensorflow.org/api_docs/cc/class/tensorflow/ops/ordered-map-size.html,"./data_flow_ops.cc:REGISTER_OP(""OrderedMapSize"")"
tensorflow::ops::OrderedMapStage,https://www.tensorflow.org/api_docs/cc/class/tensorflow/ops/ordered-map-stage.html,"./data_flow_ops.cc:REGISTER_OP(""OrderedMapStage"")"
tensorflow::ops::OrderedMapUnstage,https://www.tensorflow.org/api_docs/cc/class/tensorflow/ops/ordered-map-unstage.html,"./data_flow_ops.cc:REGISTER_OP(""OrderedMapUnstage"")"
tensorflow::ops::OrderedMapUnstageNoKey,https://www.tensorflow.org/api_docs/cc/class/tensorflow/ops/ordered-map-unstage-no-key.html,"./data_flow_ops.cc:REGISTER_OP(""OrderedMapUnstageNoKey"")"
tensorflow::ops::PaddingFIFOQueue,https://www.tensorflow.org/api_docs/cc/class/tensorflow/ops/padding-f-i-f-o-queue.html,"./data_flow_ops.cc:REGISTER_OP(""PaddingFIFOQueue"")"
tensorflow::ops::ParallelDynamicStitch,https://www.tensorflow.org/api_docs/cc/class/tensorflow/ops/parallel-dynamic-stitch.html,"./data_flow_ops.cc:REGISTER_OP(""ParallelDynamicStitch"")"
tensorflow::ops::PriorityQueue,https://www.tensorflow.org/api_docs/cc/class/tensorflow/ops/priority-queue.html,"./data_flow_ops.cc:REGISTER_OP(""PriorityQueue"")"
tensorflow::ops::QueueClose,https://www.tensorflow.org/api_docs/cc/class/tensorflow/ops/queue-close.html,"./data_flow_ops.cc:REGISTER_OP(""QueueClose"")"
tensorflow::ops::QueueDequeue,https://www.tensorflow.org/api_docs/cc/class/tensorflow/ops/queue-dequeue.html,"./data_flow_ops.cc:REGISTER_OP(""QueueDequeue"")"
tensorflow::ops::QueueDequeueMany,https://www.tensorflow.org/api_docs/cc/class/tensorflow/ops/queue-dequeue-many.html,"./data_flow_ops.cc:REGISTER_OP(""QueueDequeueMany"")"
tensorflow::ops::QueueDequeueUpTo,https://www.tensorflow.org/api_docs/cc/class/tensorflow/ops/queue-dequeue-up-to.html,"./data_flow_ops.cc:REGISTER_OP(""QueueDequeueUpTo"")"
tensorflow::ops::QueueEnqueue,https://www.tensorflow.org/api_docs/cc/class/tensorflow/ops/queue-enqueue.html,"./data_flow_ops.cc:REGISTER_OP(""QueueEnqueue"")"
tensorflow::ops::QueueEnqueueMany,https://www.tensorflow.org/api_docs/cc/class/tensorflow/ops/queue-enqueue-many.html,"./data_flow_ops.cc:REGISTER_OP(""QueueEnqueueMany"")"
tensorflow::ops::QueueIsClosed,https://www.tensorflow.org/api_docs/cc/class/tensorflow/ops/queue-is-closed.html,"./data_flow_ops.cc:REGISTER_OP(""QueueIsClosed"")"
tensorflow::ops::QueueIsClosedV2,https://www.tensorflow.org/api_docs/cc/class/tensorflow/ops/queue-is-closed-v2.html,"./data_flow_ops.cc:REGISTER_OP(""QueueIsClosedV2"")"
tensorflow::ops::QueueSize,https://www.tensorflow.org/api_docs/cc/class/tensorflow/ops/queue-size.html,"./data_flow_ops.cc:REGISTER_OP(""QueueSize"")"
tensorflow::ops::RandomShuffleQueue,https://www.tensorflow.org/api_docs/cc/class/tensorflow/ops/random-shuffle-queue.html,"./data_flow_ops.cc:REGISTER_OP(""RandomShuffleQueue"")"
tensorflow::ops::RecordInput,https://www.tensorflow.org/api_docs/cc/class/tensorflow/ops/record-input.html,"./data_flow_ops.cc:REGISTER_OP(""RecordInput"")"
tensorflow::ops::SparseAccumulatorApplyGradient,https://www.tensorflow.org/api_docs/cc/class/tensorflow/ops/sparse-accumulator-apply-gradient.html,"./data_flow_ops.cc:REGISTER_OP(""SparseAccumulatorApplyGradient"")"
tensorflow::ops::SparseAccumulatorTakeGradient,https://www.tensorflow.org/api_docs/cc/class/tensorflow/ops/sparse-accumulator-take-gradient.html,"./data_flow_ops.cc:REGISTER_OP(""SparseAccumulatorTakeGradient"")"
tensorflow::ops::SparseConditionalAccumulator,https://www.tensorflow.org/api_docs/cc/class/tensorflow/ops/sparse-conditional-accumulator.html,"./data_flow_ops.cc:REGISTER_OP(""SparseConditionalAccumulator"")"
tensorflow::ops::Stage,https://www.tensorflow.org/api_docs/cc/class/tensorflow/ops/stage.html,"./data_flow_ops.cc:REGISTER_OP(""Stage"")"
tensorflow::ops::StageClear,https://www.tensorflow.org/api_docs/cc/class/tensorflow/ops/stage-clear.html,"./data_flow_ops.cc:REGISTER_OP(""StageClear"")"
tensorflow::ops::StagePeek,https://www.tensorflow.org/api_docs/cc/class/tensorflow/ops/stage-peek.html,"./data_flow_ops.cc:REGISTER_OP(""StagePeek"")"
tensorflow::ops::StageSize,https://www.tensorflow.org/api_docs/cc/class/tensorflow/ops/stage-size.html,"./data_flow_ops.cc:REGISTER_OP(""StageSize"")"
tensorflow::ops::TensorArray,https://www.tensorflow.org/api_docs/cc/class/tensorflow/ops/tensor-array.html,"./data_flow_ops.cc:REGISTER_OP(""TensorArray"")"
tensorflow::ops::TensorArrayClose,https://www.tensorflow.org/api_docs/cc/class/tensorflow/ops/tensor-array-close.html,"./data_flow_ops.cc:REGISTER_OP(""TensorArrayClose"")"
tensorflow::ops::TensorArrayConcat,https://www.tensorflow.org/api_docs/cc/class/tensorflow/ops/tensor-array-concat.html,"./data_flow_ops.cc:REGISTER_OP(""TensorArrayConcat"")"
tensorflow::ops::TensorArrayGather,https://www.tensorflow.org/api_docs/cc/class/tensorflow/ops/tensor-array-gather.html,"./data_flow_ops.cc:REGISTER_OP(""TensorArrayGather"")"
tensorflow::ops::TensorArrayGrad,https://www.tensorflow.org/api_docs/cc/class/tensorflow/ops/tensor-array-grad.html,"./data_flow_ops.cc:REGISTER_OP(""TensorArrayGrad"")"
tensorflow::ops::TensorArrayGradWithShape,https://www.tensorflow.org/api_docs/cc/class/tensorflow/ops/tensor-array-grad-with-shape.html,"./data_flow_ops.cc:REGISTER_OP(""TensorArrayGradWithShape"")"
tensorflow::ops::TensorArrayRead,https://www.tensorflow.org/api_docs/cc/class/tensorflow/ops/tensor-array-read.html,"./data_flow_ops.cc:REGISTER_OP(""TensorArrayRead"")"
tensorflow::ops::TensorArrayScatter,https://www.tensorflow.org/api_docs/cc/class/tensorflow/ops/tensor-array-scatter.html,"./data_flow_ops.cc:REGISTER_OP(""TensorArrayScatter"")"
tensorflow::ops::TensorArraySize,https://www.tensorflow.org/api_docs/cc/class/tensorflow/ops/tensor-array-size.html,"./data_flow_ops.cc:REGISTER_OP(""TensorArraySize"")"
tensorflow::ops::TensorArraySplit,https://www.tensorflow.org/api_docs/cc/class/tensorflow/ops/tensor-array-split.html,"./data_flow_ops.cc:REGISTER_OP(""TensorArraySplit"")"
tensorflow::ops::TensorArrayWrite,https://www.tensorflow.org/api_docs/cc/class/tensorflow/ops/tensor-array-write.html,"./data_flow_ops.cc:REGISTER_OP(""TensorArrayWrite"")"
tensorflow::ops::Unstage,https://www.tensorflow.org/api_docs/cc/class/tensorflow/ops/unstage.html,"./data_flow_ops.cc:REGISTER_OP(""Unstage"")"
tensorflow::ops::AdjustContrast,https://www.tensorflow.org/api_docs/cc/class/tensorflow/ops/adjust-contrast.html,"./image_ops.cc:REGISTER_OP(""AdjustContrast"")"
tensorflow::ops::AdjustHue,https://www.tensorflow.org/api_docs/cc/class/tensorflow/ops/adjust-hue.html,"./image_ops.cc:REGISTER_OP(""AdjustHue"")"
tensorflow::ops::AdjustSaturation,https://www.tensorflow.org/api_docs/cc/class/tensorflow/ops/adjust-saturation.html,"./image_ops.cc:REGISTER_OP(""AdjustSaturation"")"
tensorflow::ops::CombinedNonMaxSuppression,https://www.tensorflow.org/api_docs/cc/class/tensorflow/ops/combined-non-max-suppression.html,"./image_ops.cc:REGISTER_OP(""CombinedNonMaxSuppression"")"
tensorflow::ops::CropAndResize,https://www.tensorflow.org/api_docs/cc/class/tensorflow/ops/crop-and-resize.html,"./image_ops.cc:REGISTER_OP(""CropAndResize"")"
tensorflow::ops::CropAndResizeGradBoxes,https://www.tensorflow.org/api_docs/cc/class/tensorflow/ops/crop-and-resize-grad-boxes.html,"./image_ops.cc:REGISTER_OP(""CropAndResizeGradBoxes"")"
tensorflow::ops::CropAndResizeGradImage,https://www.tensorflow.org/api_docs/cc/class/tensorflow/ops/crop-and-resize-grad-image.html,"./image_ops.cc:REGISTER_OP(""CropAndResizeGradImage"")"
tensorflow::ops::DecodeAndCropJpeg,https://www.tensorflow.org/api_docs/cc/class/tensorflow/ops/decode-and-crop-jpeg.html,"./image_ops.cc:REGISTER_OP(""DecodeAndCropJpeg"")"
tensorflow::ops::DecodeBmp,https://www.tensorflow.org/api_docs/cc/class/tensorflow/ops/decode-bmp.html,"./image_ops.cc:REGISTER_OP(""DecodeBmp"")"
tensorflow::ops::DecodeGif,https://www.tensorflow.org/api_docs/cc/class/tensorflow/ops/decode-gif.html,"./image_ops.cc:REGISTER_OP(""DecodeGif"")"
tensorflow::ops::DecodeJpeg,https://www.tensorflow.org/api_docs/cc/class/tensorflow/ops/decode-jpeg.html,"./image_ops.cc:REGISTER_OP(""DecodeJpeg"")"
tensorflow::ops::DecodePng,https://www.tensorflow.org/api_docs/cc/class/tensorflow/ops/decode-png.html,"./image_ops.cc:REGISTER_OP(""DecodePng"")"
tensorflow::ops::DrawBoundingBoxes,https://www.tensorflow.org/api_docs/cc/class/tensorflow/ops/draw-bounding-boxes.html,"./image_ops.cc:REGISTER_OP(""DrawBoundingBoxes"")"
tensorflow::ops::DrawBoundingBoxesV2,https://www.tensorflow.org/api_docs/cc/class/tensorflow/ops/draw-bounding-boxes-v2.html,"./image_ops.cc:REGISTER_OP(""DrawBoundingBoxesV2"")"
tensorflow::ops::EncodeJpeg,https://www.tensorflow.org/api_docs/cc/class/tensorflow/ops/encode-jpeg.html,"./image_ops.cc:REGISTER_OP(""EncodeJpeg"")"
tensorflow::ops::EncodeJpegVariableQuality,https://www.tensorflow.org/api_docs/cc/class/tensorflow/ops/encode-jpeg-variable-quality.html,"./image_ops.cc:REGISTER_OP(""EncodeJpegVariableQuality"")"
tensorflow::ops::EncodePng,https://www.tensorflow.org/api_docs/cc/class/tensorflow/ops/encode-png.html,"./image_ops.cc:REGISTER_OP(""EncodePng"")"
tensorflow::ops::ExtractGlimpse,https://www.tensorflow.org/api_docs/cc/class/tensorflow/ops/extract-glimpse.html,"./image_ops.cc:REGISTER_OP(""ExtractGlimpse"")"
tensorflow::ops::ExtractJpegShape,https://www.tensorflow.org/api_docs/cc/class/tensorflow/ops/extract-jpeg-shape.html,"./image_ops.cc:REGISTER_OP(""ExtractJpegShape"")"
tensorflow::ops::HSVToRGB,https://www.tensorflow.org/api_docs/cc/class/tensorflow/ops/h-s-v-to-r-g-b.html,"./image_ops.cc:REGISTER_OP(""HSVToRGB"")"
tensorflow::ops::NonMaxSuppression,https://www.tensorflow.org/api_docs/cc/class/tensorflow/ops/non-max-suppression.html,"./image_ops.cc:REGISTER_OP(""NonMaxSuppression"")"
tensorflow::ops::NonMaxSuppressionV2,https://www.tensorflow.org/api_docs/cc/class/tensorflow/ops/non-max-suppression-v2.html,"./image_ops.cc:REGISTER_OP(""NonMaxSuppressionV2"")"
tensorflow::ops::NonMaxSuppressionV3,https://www.tensorflow.org/api_docs/cc/class/tensorflow/ops/non-max-suppression-v3.html,"./image_ops.cc:REGISTER_OP(""NonMaxSuppressionV3"")"
tensorflow::ops::NonMaxSuppressionV4,https://www.tensorflow.org/api_docs/cc/class/tensorflow/ops/non-max-suppression-v4.html,"./image_ops.cc:REGISTER_OP(""NonMaxSuppressionV4"")"
tensorflow::ops::NonMaxSuppressionV5,https://www.tensorflow.org/api_docs/cc/class/tensorflow/ops/non-max-suppression-v5.html,"./image_ops.cc:REGISTER_OP(""NonMaxSuppressionV5"")"
tensorflow::ops::NonMaxSuppressionWithOverlaps,https://www.tensorflow.org/api_docs/cc/class/tensorflow/ops/non-max-suppression-with-overlaps.html,"./image_ops.cc:REGISTER_OP(""NonMaxSuppressionWithOverlaps"")"
tensorflow::ops::QuantizedResizeBilinear,https://www.tensorflow.org/api_docs/cc/class/tensorflow/ops/quantized-resize-bilinear.html,"./image_ops.cc:REGISTER_OP(""QuantizedResizeBilinear"")"
tensorflow::ops::RGBToHSV,https://www.tensorflow.org/api_docs/cc/class/tensorflow/ops/r-g-b-to-h-s-v.html,"./image_ops.cc:REGISTER_OP(""RGBToHSV"")"
tensorflow::ops::ResizeArea,https://www.tensorflow.org/api_docs/cc/class/tensorflow/ops/resize-area.html,"./image_ops.cc:REGISTER_OP(""ResizeArea"")"
tensorflow::ops::ResizeBicubic,https://www.tensorflow.org/api_docs/cc/class/tensorflow/ops/resize-bicubic.html,"./image_ops.cc:REGISTER_OP(""ResizeBicubic"")"
tensorflow::ops::ResizeBilinear,https://www.tensorflow.org/api_docs/cc/class/tensorflow/ops/resize-bilinear.html,"./image_ops.cc:REGISTER_OP(""ResizeBilinear"")"
tensorflow::ops::ResizeNearestNeighbor,https://www.tensorflow.org/api_docs/cc/class/tensorflow/ops/resize-nearest-neighbor.html,"./image_ops.cc:REGISTER_OP(""ResizeNearestNeighbor"")"
tensorflow::ops::SampleDistortedBoundingBox,https://www.tensorflow.org/api_docs/cc/class/tensorflow/ops/sample-distorted-bounding-box.html,"./image_ops.cc:REGISTER_OP(""SampleDistortedBoundingBox"")"
tensorflow::ops::SampleDistortedBoundingBoxV2,https://www.tensorflow.org/api_docs/cc/class/tensorflow/ops/sample-distorted-bounding-box-v2.html,"./image_ops.cc:REGISTER_OP(""SampleDistortedBoundingBoxV2"")"
tensorflow::ops::ScaleAndTranslate,https://www.tensorflow.org/api_docs/cc/class/tensorflow/ops/scale-and-translate.html,"./image_ops.cc:REGISTER_OP(""ScaleAndTranslate"")"
tensorflow::ops::FixedLengthRecordReader,https://www.tensorflow.org/api_docs/cc/class/tensorflow/ops/fixed-length-record-reader.html,"./io_ops.cc:REGISTER_OP(""FixedLengthRecordReader"")"
tensorflow::ops::IdentityReader,https://www.tensorflow.org/api_docs/cc/class/tensorflow/ops/identity-reader.html,"./io_ops.cc:REGISTER_OP(""IdentityReader"")"
tensorflow::ops::LMDBReader,https://www.tensorflow.org/api_docs/cc/class/tensorflow/ops/l-m-d-b-reader.html,"./io_ops.cc:REGISTER_OP(""LMDBReader"")"
tensorflow::ops::MatchingFiles,https://www.tensorflow.org/api_docs/cc/class/tensorflow/ops/matching-files.html,"./io_ops.cc:REGISTER_OP(""MatchingFiles"")"
tensorflow::ops::MergeV2Checkpoints,https://www.tensorflow.org/api_docs/cc/class/tensorflow/ops/merge-v2-checkpoints.html,"./io_ops.cc:REGISTER_OP(""MergeV2Checkpoints"")"
tensorflow::ops::ReadFile,https://www.tensorflow.org/api_docs/cc/class/tensorflow/ops/read-file.html,"./io_ops.cc:REGISTER_OP(""ReadFile"")"
tensorflow::ops::ReaderNumRecordsProduced,https://www.tensorflow.org/api_docs/cc/class/tensorflow/ops/reader-num-records-produced.html,"./io_ops.cc:REGISTER_OP(""ReaderNumRecordsProduced"")"
tensorflow::ops::ReaderNumWorkUnitsCompleted,https://www.tensorflow.org/api_docs/cc/class/tensorflow/ops/reader-num-work-units-completed.html,"./io_ops.cc:REGISTER_OP(""ReaderNumWorkUnitsCompleted"")"
tensorflow::ops::ReaderRead,https://www.tensorflow.org/api_docs/cc/class/tensorflow/ops/reader-read.html,"./io_ops.cc:REGISTER_OP(""ReaderRead"")"
tensorflow::ops::ReaderReadUpTo,https://www.tensorflow.org/api_docs/cc/class/tensorflow/ops/reader-read-up-to.html,"./io_ops.cc:REGISTER_OP(""ReaderReadUpTo"")"
tensorflow::ops::ReaderReset,https://www.tensorflow.org/api_docs/cc/class/tensorflow/ops/reader-reset.html,"./io_ops.cc:REGISTER_OP(""ReaderReset"")"
tensorflow::ops::ReaderRestoreState,https://www.tensorflow.org/api_docs/cc/class/tensorflow/ops/reader-restore-state.html,"./io_ops.cc:REGISTER_OP(""ReaderRestoreState"")"
tensorflow::ops::ReaderSerializeState,https://www.tensorflow.org/api_docs/cc/class/tensorflow/ops/reader-serialize-state.html,"./io_ops.cc:REGISTER_OP(""ReaderSerializeState"")"
tensorflow::ops::Restore,https://www.tensorflow.org/api_docs/cc/class/tensorflow/ops/restore.html,"./io_ops.cc:REGISTER_OP(""Restore"")"
tensorflow::ops::RestoreSlice,https://www.tensorflow.org/api_docs/cc/class/tensorflow/ops/restore-slice.html,"./io_ops.cc:REGISTER_OP(""RestoreSlice"")"
tensorflow::ops::RestoreV2,https://www.tensorflow.org/api_docs/cc/class/tensorflow/ops/restore-v2.html,"./io_ops.cc:REGISTER_OP(""RestoreV2"")"
tensorflow::ops::Save,https://www.tensorflow.org/api_docs/cc/class/tensorflow/ops/save.html,"./io_ops.cc:REGISTER_OP(""Save"")"
tensorflow::ops::SaveSlices,https://www.tensorflow.org/api_docs/cc/class/tensorflow/ops/save-slices.html,"./io_ops.cc:REGISTER_OP(""SaveSlices"")"
tensorflow::ops::SaveV2,https://www.tensorflow.org/api_docs/cc/class/tensorflow/ops/save-v2.html,"./io_ops.cc:REGISTER_OP(""SaveV2"")"
tensorflow::ops::ShardedFilename,https://www.tensorflow.org/api_docs/cc/class/tensorflow/ops/sharded-filename.html,"./io_ops.cc:REGISTER_OP(""ShardedFilename"")"
tensorflow::ops::ShardedFilespec,https://www.tensorflow.org/api_docs/cc/class/tensorflow/ops/sharded-filespec.html,"./io_ops.cc:REGISTER_OP(""ShardedFilespec"")"
tensorflow::ops::TFRecordReader,https://www.tensorflow.org/api_docs/cc/class/tensorflow/ops/t-f-record-reader.html,"./io_ops.cc:REGISTER_OP(""TFRecordReader"")"
tensorflow::ops::TextLineReader,https://www.tensorflow.org/api_docs/cc/class/tensorflow/ops/text-line-reader.html,"./io_ops.cc:REGISTER_OP(""TextLineReader"")"
tensorflow::ops::WholeFileReader,https://www.tensorflow.org/api_docs/cc/class/tensorflow/ops/whole-file-reader.html,"./io_ops.cc:REGISTER_OP(""WholeFileReader"")"
tensorflow::ops::WriteFile,https://www.tensorflow.org/api_docs/cc/class/tensorflow/ops/write-file.html,"./io_ops.cc:REGISTER_OP(""WriteFile"")"
tensorflow::ops::Assert,https://www.tensorflow.org/api_docs/cc/class/tensorflow/ops/assert.html,"./logging_ops.cc:REGISTER_OP(""Assert"")"
tensorflow::ops::HistogramSummary,https://www.tensorflow.org/api_docs/cc/class/tensorflow/ops/histogram-summary.html,"./logging_ops.cc:REGISTER_OP(""HistogramSummary"")"
tensorflow::ops::MergeSummary,https://www.tensorflow.org/api_docs/cc/class/tensorflow/ops/merge-summary.html,"./logging_ops.cc:REGISTER_OP(""MergeSummary"")"
tensorflow::ops::Print,https://www.tensorflow.org/api_docs/cc/class/tensorflow/ops/print.html,"./logging_ops.cc:REGISTER_OP(""Print"")"
tensorflow::ops::PrintV2,https://www.tensorflow.org/api_docs/cc/class/tensorflow/ops/print-v2.html,"./logging_ops.cc:REGISTER_OP(""PrintV2"")"
tensorflow::ops::ScalarSummary,https://www.tensorflow.org/api_docs/cc/class/tensorflow/ops/scalar-summary.html,"./logging_ops.cc:REGISTER_OP(""ScalarSummary"")"
tensorflow::ops::TensorSummary,https://www.tensorflow.org/api_docs/cc/class/tensorflow/ops/tensor-summary.html,"./logging_ops.cc:REGISTER_OP(""TensorSummary"")"
tensorflow::ops::TensorSummaryV2,https://www.tensorflow.org/api_docs/cc/class/tensorflow/ops/tensor-summary-v2.html,"./logging_ops.cc:REGISTER_OP(""TensorSummaryV2"")"
tensorflow::ops::Timestamp,https://www.tensorflow.org/api_docs/cc/class/tensorflow/ops/timestamp.html,"./logging_ops.cc:REGISTER_OP(""Timestamp"")"
tensorflow::ops::Abs,https://www.tensorflow.org/api_docs/cc/class/tensorflow/ops/abs.html,"./math_ops.cc:REGISTER_OP(""Abs"")"
tensorflow::ops::AccumulateNV2,https://www.tensorflow.org/api_docs/cc/class/tensorflow/ops/accumulate-n-v2.html,"./math_ops.cc:REGISTER_OP(""AccumulateNV2"")"
tensorflow::ops::Acos,https://www.tensorflow.org/api_docs/cc/class/tensorflow/ops/acos.html,"./math_ops.cc:REGISTER_OP(""Acos"").UNARY();"
tensorflow::ops::Acosh,https://www.tensorflow.org/api_docs/cc/class/tensorflow/ops/acosh.html,"./math_ops.cc:REGISTER_OP(""Acosh"").UNARY_COMPLEX();"
tensorflow::ops::Add,https://www.tensorflow.org/api_docs/cc/class/tensorflow/ops/add.html,"./math_ops.cc:REGISTER_OP(""Add"")"
tensorflow::ops::AddN,https://www.tensorflow.org/api_docs/cc/class/tensorflow/ops/add-n.html,"./math_ops.cc:REGISTER_OP(""AddN"")"
tensorflow::ops::AddV2,https://www.tensorflow.org/api_docs/cc/class/tensorflow/ops/add-v2.html,"./math_ops.cc:REGISTER_OP(""AddV2"")"
tensorflow::ops::All,https://www.tensorflow.org/api_docs/cc/class/tensorflow/ops/all.html,"./math_ops.cc:REGISTER_OP(""All"")"
tensorflow::ops::Angle,https://www.tensorflow.org/api_docs/cc/class/tensorflow/ops/angle.html,"./math_ops.cc:REGISTER_OP(""Angle"")"
tensorflow::ops::Any,https://www.tensorflow.org/api_docs/cc/class/tensorflow/ops/any.html,"./math_ops.cc:REGISTER_OP(""Any"")"
tensorflow::ops::ApproximateEqual,https://www.tensorflow.org/api_docs/cc/class/tensorflow/ops/approximate-equal.html,"./math_ops.cc:REGISTER_OP(""ApproximateEqual"")"
tensorflow::ops::ArgMax,https://www.tensorflow.org/api_docs/cc/class/tensorflow/ops/arg-max.html,"./math_ops.cc:REGISTER_OP(""ArgMax"")"
tensorflow::ops::ArgMin,https://www.tensorflow.org/api_docs/cc/class/tensorflow/ops/arg-min.html,"./math_ops.cc:REGISTER_OP(""ArgMin"")"
tensorflow::ops::Asin,https://www.tensorflow.org/api_docs/cc/class/tensorflow/ops/asin.html,"./math_ops.cc:REGISTER_OP(""Asin"").UNARY();"
tensorflow::ops::Asinh,https://www.tensorflow.org/api_docs/cc/class/tensorflow/ops/asinh.html,"./math_ops.cc:REGISTER_OP(""Asinh"").UNARY_COMPLEX();"
tensorflow::ops::Atan,https://www.tensorflow.org/api_docs/cc/class/tensorflow/ops/atan.html,"./math_ops.cc:REGISTER_OP(""Atan"").UNARY();"
tensorflow::ops::Atan2,https://www.tensorflow.org/api_docs/cc/class/tensorflow/ops/atan2.html,"./math_ops.cc:REGISTER_OP(""Atan2"")"
tensorflow::ops::Atanh,https://www.tensorflow.org/api_docs/cc/class/tensorflow/ops/atanh.html,"./math_ops.cc:REGISTER_OP(""Atanh"").UNARY_COMPLEX();"
tensorflow::ops::BatchMatMul,https://www.tensorflow.org/api_docs/cc/class/tensorflow/ops/batch-mat-mul.html,"./math_ops.cc:REGISTER_OP(""BatchMatMul"")"
tensorflow::ops::BatchMatMulV2,https://www.tensorflow.org/api_docs/cc/class/tensorflow/ops/batch-mat-mul-v2.html,"./math_ops.cc:REGISTER_OP(""BatchMatMulV2"")"
tensorflow::ops::BesselI0e,https://www.tensorflow.org/api_docs/cc/class/tensorflow/ops/bessel-i0e.html,"./math_ops.cc:REGISTER_OP(""BesselI0e"").UNARY_REAL();"
tensorflow::ops::BesselI1e,https://www.tensorflow.org/api_docs/cc/class/tensorflow/ops/bessel-i1e.html,"./math_ops.cc:REGISTER_OP(""BesselI1e"").UNARY_REAL();"
tensorflow::ops::Betainc,https://www.tensorflow.org/api_docs/cc/class/tensorflow/ops/betainc.html,"./math_ops.cc:REGISTER_OP(""Betainc"")"
tensorflow::ops::Bincount,https://www.tensorflow.org/api_docs/cc/class/tensorflow/ops/bincount.html,"./math_ops.cc:REGISTER_OP(""Bincount"")"
tensorflow::ops::Bucketize,https://www.tensorflow.org/api_docs/cc/class/tensorflow/ops/bucketize.html,"./math_ops.cc:REGISTER_OP(""Bucketize"")"
tensorflow::ops::Cast,https://www.tensorflow.org/api_docs/cc/class/tensorflow/ops/cast.html,"./math_ops.cc:REGISTER_OP(""Cast"")"
tensorflow::ops::Ceil,https://www.tensorflow.org/api_docs/cc/class/tensorflow/ops/ceil.html,"./math_ops.cc:REGISTER_OP(""Ceil"")"
tensorflow::ops::ClipByValue,https://www.tensorflow.org/api_docs/cc/class/tensorflow/ops/clip-by-value.html,"./math_ops.cc:REGISTER_OP(""ClipByValue"")"
tensorflow::ops::CompareAndBitpack,https://www.tensorflow.org/api_docs/cc/class/tensorflow/ops/compare-and-bitpack.html,"./math_ops.cc:REGISTER_OP(""CompareAndBitpack"")"
tensorflow::ops::Complex,https://www.tensorflow.org/api_docs/cc/class/tensorflow/ops/complex.html,"./math_ops.cc:REGISTER_OP(""Complex"")"
tensorflow::ops::ComplexAbs,https://www.tensorflow.org/api_docs/cc/class/tensorflow/ops/complex-abs.html,"./math_ops.cc:REGISTER_OP(""ComplexAbs"")"
tensorflow::ops::Conj,https://www.tensorflow.org/api_docs/cc/class/tensorflow/ops/conj.html,"./math_ops.cc:REGISTER_OP(""Conj"")"
tensorflow::ops::Cos,https://www.tensorflow.org/api_docs/cc/class/tensorflow/ops/cos.html,"./math_ops.cc:REGISTER_OP(""Cos"").UNARY_COMPLEX();"
tensorflow::ops::Cosh,https://www.tensorflow.org/api_docs/cc/class/tensorflow/ops/cosh.html,"./math_ops.cc:REGISTER_OP(""Cosh"").UNARY_COMPLEX();"
tensorflow::ops::Cross,https://www.tensorflow.org/api_docs/cc/class/tensorflow/ops/cross.html,"./math_ops.cc:REGISTER_OP(""Cross"")"
tensorflow::ops::Cumprod,https://www.tensorflow.org/api_docs/cc/class/tensorflow/ops/cumprod.html,"./math_ops.cc:REGISTER_OP(""Cumprod"")"
tensorflow::ops::Cumsum,https://www.tensorflow.org/api_docs/cc/class/tensorflow/ops/cumsum.html,"./math_ops.cc:REGISTER_OP(""Cumsum"")"
tensorflow::ops::Digamma,https://www.tensorflow.org/api_docs/cc/class/tensorflow/ops/digamma.html,"./math_ops.cc:REGISTER_OP(""Digamma"").UNARY_REAL();"
tensorflow::ops::Div,https://www.tensorflow.org/api_docs/cc/class/tensorflow/ops/div.html,"./math_ops.cc:REGISTER_OP(""Div"").BINARY_MORE().SetShapeFn("
tensorflow::ops::DivNoNan,https://www.tensorflow.org/api_docs/cc/class/tensorflow/ops/div-no-nan.html,"./math_ops.cc:REGISTER_OP(""DivNoNan"")"
tensorflow::ops::Equal,https://www.tensorflow.org/api_docs/cc/class/tensorflow/ops/equal.html,"./math_ops.cc:REGISTER_OP(""Equal"").EQUALITY_COMPARISON();"
tensorflow::ops::Erf,https://www.tensorflow.org/api_docs/cc/class/tensorflow/ops/erf.html,"./math_ops.cc:REGISTER_OP(""Erf"").UNARY_REAL();"
tensorflow::ops::Erfc,https://www.tensorflow.org/api_docs/cc/class/tensorflow/ops/erfc.html,"./math_ops.cc:REGISTER_OP(""Erfc"").UNARY_REAL();"
tensorflow::ops::EuclideanNorm,https://www.tensorflow.org/api_docs/cc/class/tensorflow/ops/euclidean-norm.html,"./math_ops.cc:REGISTER_OP(""EuclideanNorm"")"
tensorflow::ops::Exp,https://www.tensorflow.org/api_docs/cc/class/tensorflow/ops/exp.html,"./math_ops.cc:REGISTER_OP(""Exp"").UNARY_COMPLEX();"
tensorflow::ops::Expm1,https://www.tensorflow.org/api_docs/cc/class/tensorflow/ops/expm1.html,"./math_ops.cc:REGISTER_OP(""Expm1"").UNARY_COMPLEX();"
tensorflow::ops::Floor,https://www.tensorflow.org/api_docs/cc/class/tensorflow/ops/floor.html,"./math_ops.cc:REGISTER_OP(""Floor"")"
tensorflow::ops::FloorDiv,https://www.tensorflow.org/api_docs/cc/class/tensorflow/ops/floor-div.html,"./math_ops.cc:REGISTER_OP(""FloorDiv"")"
tensorflow::ops::FloorMod,https://www.tensorflow.org/api_docs/cc/class/tensorflow/ops/floor-mod.html,"./math_ops.cc:REGISTER_OP(""FloorMod"")"
tensorflow::ops::Greater,https://www.tensorflow.org/api_docs/cc/class/tensorflow/ops/greater.html,"./math_ops.cc:REGISTER_OP(""Greater"").COMPARISON();"
tensorflow::ops::GreaterEqual,https://www.tensorflow.org/api_docs/cc/class/tensorflow/ops/greater-equal.html,"./math_ops.cc:REGISTER_OP(""GreaterEqual"").COMPARISON();"
tensorflow::ops::HistogramFixedWidth,https://www.tensorflow.org/api_docs/cc/class/tensorflow/ops/histogram-fixed-width.html,"./math_ops.cc:REGISTER_OP(""HistogramFixedWidth"")"
tensorflow::ops::Igamma,https://www.tensorflow.org/api_docs/cc/class/tensorflow/ops/igamma.html,"./math_ops.cc:REGISTER_OP(""Igamma"")"
tensorflow::ops::Igammac,https://www.tensorflow.org/api_docs/cc/class/tensorflow/ops/igammac.html,"./math_ops.cc:REGISTER_OP(""Igammac"")"
tensorflow::ops::Imag,https://www.tensorflow.org/api_docs/cc/class/tensorflow/ops/imag.html,"./math_ops.cc:REGISTER_OP(""Imag"")"
tensorflow::ops::Inv,https://www.tensorflow.org/api_docs/cc/class/tensorflow/ops/inv.html,"./math_ops.cc:REGISTER_OP(""Inv"").UNARY();"
tensorflow::ops::IsFinite,https://www.tensorflow.org/api_docs/cc/class/tensorflow/ops/is-finite.html,"./math_ops.cc:REGISTER_OP(""IsFinite"")"
tensorflow::ops::IsInf,https://www.tensorflow.org/api_docs/cc/class/tensorflow/ops/is-inf.html,"./math_ops.cc:REGISTER_OP(""IsInf"")"
tensorflow::ops::IsNan,https://www.tensorflow.org/api_docs/cc/class/tensorflow/ops/is-nan.html,"./math_ops.cc:REGISTER_OP(""IsNan"")"
tensorflow::ops::Less,https://www.tensorflow.org/api_docs/cc/class/tensorflow/ops/less.html,"./math_ops.cc:REGISTER_OP(""Less"").COMPARISON();"
tensorflow::ops::LessEqual,https://www.tensorflow.org/api_docs/cc/class/tensorflow/ops/less-equal.html,"./math_ops.cc:REGISTER_OP(""LessEqual"").COMPARISON();"
tensorflow::ops::Lgamma,https://www.tensorflow.org/api_docs/cc/class/tensorflow/ops/lgamma.html,"./math_ops.cc:REGISTER_OP(""Lgamma"").UNARY_REAL();"
tensorflow::ops::LinSpace,https://www.tensorflow.org/api_docs/cc/class/tensorflow/ops/lin-space.html,"./math_ops.cc:REGISTER_OP(""LinSpace"")"
tensorflow::ops::Log,https://www.tensorflow.org/api_docs/cc/class/tensorflow/ops/log.html,"./math_ops.cc:REGISTER_OP(""Log"").UNARY_COMPLEX();"
tensorflow::ops::Log1p,https://www.tensorflow.org/api_docs/cc/class/tensorflow/ops/log1p.html,"./math_ops.cc:REGISTER_OP(""Log1p"").UNARY_COMPLEX();"
tensorflow::ops::LogicalAnd,https://www.tensorflow.org/api_docs/cc/class/tensorflow/ops/logical-and.html,"./math_ops.cc:REGISTER_OP(""LogicalAnd"").BINARY_LOGICAL();"
tensorflow::ops::LogicalNot,https://www.tensorflow.org/api_docs/cc/class/tensorflow/ops/logical-not.html,"./math_ops.cc:REGISTER_OP(""LogicalNot"")"
tensorflow::ops::LogicalOr,https://www.tensorflow.org/api_docs/cc/class/tensorflow/ops/logical-or.html,"./math_ops.cc:REGISTER_OP(""LogicalOr"").BINARY_LOGICAL();"
tensorflow::ops::MatMul,https://www.tensorflow.org/api_docs/cc/class/tensorflow/ops/mat-mul.html,"./math_ops.cc:REGISTER_OP(""MatMul"")"
tensorflow::ops::Max,https://www.tensorflow.org/api_docs/cc/class/tensorflow/ops/max.html,"./math_ops.cc:REGISTER_OP(""Max"")"
tensorflow::ops::Maximum,https://www.tensorflow.org/api_docs/cc/class/tensorflow/ops/maximum.html,"./math_ops.cc:REGISTER_OP(""Maximum"")"
tensorflow::ops::Mean,https://www.tensorflow.org/api_docs/cc/class/tensorflow/ops/mean.html,"./math_ops.cc:REGISTER_OP(""Mean"")"
tensorflow::ops::Min,https://www.tensorflow.org/api_docs/cc/class/tensorflow/ops/min.html,"./math_ops.cc:REGISTER_OP(""Min"")"
tensorflow::ops::Minimum,https://www.tensorflow.org/api_docs/cc/class/tensorflow/ops/minimum.html,"./math_ops.cc:REGISTER_OP(""Minimum"")"
tensorflow::ops::Mod,https://www.tensorflow.org/api_docs/cc/class/tensorflow/ops/mod.html,"./math_ops.cc:REGISTER_OP(""Mod"")"
tensorflow::ops::MulNoNan,https://www.tensorflow.org/api_docs/cc/class/tensorflow/ops/mul-no-nan.html,"./math_ops.cc:REGISTER_OP(""MulNoNan"")"
tensorflow::ops::Multiply,https://www.tensorflow.org/api_docs/cc/class/tensorflow/ops/multiply.html,
tensorflow::ops::Negate,https://www.tensorflow.org/api_docs/cc/class/tensorflow/ops/negate.html,
tensorflow::ops::NextAfter,https://www.tensorflow.org/api_docs/cc/class/tensorflow/ops/next-after.html,"./math_ops.cc:REGISTER_OP(""NextAfter"")"
tensorflow::ops::NotEqual,https://www.tensorflow.org/api_docs/cc/class/tensorflow/ops/not-equal.html,"./math_ops.cc:REGISTER_OP(""NotEqual"").EQUALITY_COMPARISON();"
tensorflow::ops::Polygamma,https://www.tensorflow.org/api_docs/cc/class/tensorflow/ops/polygamma.html,"./math_ops.cc:REGISTER_OP(""Polygamma"")"
tensorflow::ops::Pow,https://www.tensorflow.org/api_docs/cc/class/tensorflow/ops/pow.html,"./math_ops.cc:REGISTER_OP(""Pow"")"
tensorflow::ops::Prod,https://www.tensorflow.org/api_docs/cc/class/tensorflow/ops/prod.html,"./math_ops.cc:REGISTER_OP(""Prod"")"
tensorflow::ops::QuantizeDownAndShrinkRange,https://www.tensorflow.org/api_docs/cc/class/tensorflow/ops/quantize-down-and-shrink-range.html,"./math_ops.cc:REGISTER_OP(""QuantizeDownAndShrinkRange"")"
tensorflow::ops::QuantizedAdd,https://www.tensorflow.org/api_docs/cc/class/tensorflow/ops/quantized-add.html,"./math_ops.cc:REGISTER_OP(""QuantizedAdd"")"
tensorflow::ops::QuantizedMatMul,https://www.tensorflow.org/api_docs/cc/class/tensorflow/ops/quantized-mat-mul.html,"./math_ops.cc:REGISTER_OP(""QuantizedMatMul"")"
tensorflow::ops::QuantizedMul,https://www.tensorflow.org/api_docs/cc/class/tensorflow/ops/quantized-mul.html,"./math_ops.cc:REGISTER_OP(""QuantizedMul"")"
tensorflow::ops::Range,https://www.tensorflow.org/api_docs/cc/class/tensorflow/ops/range.html,"./math_ops.cc:REGISTER_OP(""Range"")"
tensorflow::ops::Real,https://www.tensorflow.org/api_docs/cc/class/tensorflow/ops/real.html,"./math_ops.cc:REGISTER_OP(""Real"")"
tensorflow::ops::RealDiv,https://www.tensorflow.org/api_docs/cc/class/tensorflow/ops/real-div.html,"./math_ops.cc:REGISTER_OP(""RealDiv"").BINARY_MORE().SetShapeFn("
tensorflow::ops::Reciprocal,https://www.tensorflow.org/api_docs/cc/class/tensorflow/ops/reciprocal.html,"./math_ops.cc:REGISTER_OP(""Reciprocal"").UNARY();"
tensorflow::ops::RequantizationRange,https://www.tensorflow.org/api_docs/cc/class/tensorflow/ops/requantization-range.html,"./math_ops.cc:REGISTER_OP(""RequantizationRange"")"
tensorflow::ops::Requantize,https://www.tensorflow.org/api_docs/cc/class/tensorflow/ops/requantize.html,"./math_ops.cc:REGISTER_OP(""Requantize"")"
tensorflow::ops::Rint,https://www.tensorflow.org/api_docs/cc/class/tensorflow/ops/rint.html,"./math_ops.cc:REGISTER_OP(""Rint"")"
tensorflow::ops::Round,https://www.tensorflow.org/api_docs/cc/class/tensorflow/ops/round.html,"./math_ops.cc:REGISTER_OP(""Round"").UNARY();"
tensorflow::ops::Rsqrt,https://www.tensorflow.org/api_docs/cc/class/tensorflow/ops/rsqrt.html,"./math_ops.cc:REGISTER_OP(""Rsqrt"").UNARY_COMPLEX();"
tensorflow::ops::SegmentMax,https://www.tensorflow.org/api_docs/cc/class/tensorflow/ops/segment-max.html,"./math_ops.cc:REGISTER_OP(""SegmentMax"")"
tensorflow::ops::SegmentMean,https://www.tensorflow.org/api_docs/cc/class/tensorflow/ops/segment-mean.html,"./math_ops.cc:REGISTER_OP(""SegmentMean"")"
tensorflow::ops::SegmentMin,https://www.tensorflow.org/api_docs/cc/class/tensorflow/ops/segment-min.html,"./math_ops.cc:REGISTER_OP(""SegmentMin"")"
tensorflow::ops::SegmentProd,https://www.tensorflow.org/api_docs/cc/class/tensorflow/ops/segment-prod.html,"./math_ops.cc:REGISTER_OP(""SegmentProd"")"
tensorflow::ops::SegmentSum,https://www.tensorflow.org/api_docs/cc/class/tensorflow/ops/segment-sum.html,"./math_ops.cc:REGISTER_OP(""SegmentSum"")"
tensorflow::ops::SelectV2,https://www.tensorflow.org/api_docs/cc/class/tensorflow/ops/select-v2.html,"./math_ops.cc:REGISTER_OP(""SelectV2"")"
tensorflow::ops::Sigmoid,https://www.tensorflow.org/api_docs/cc/class/tensorflow/ops/sigmoid.html,"./math_ops.cc:REGISTER_OP(""Sigmoid"").UNARY_COMPLEX();"
tensorflow::ops::Sign,https://www.tensorflow.org/api_docs/cc/class/tensorflow/ops/sign.html,"./math_ops.cc:REGISTER_OP(""Sign"")"
tensorflow::ops::Sin,https://www.tensorflow.org/api_docs/cc/class/tensorflow/ops/sin.html,"./math_ops.cc:REGISTER_OP(""Sin"").UNARY_COMPLEX();"
tensorflow::ops::Sinh,https://www.tensorflow.org/api_docs/cc/class/tensorflow/ops/sinh.html,"./math_ops.cc:REGISTER_OP(""Sinh"").UNARY_COMPLEX();"
tensorflow::ops::SparseMatMul,https://www.tensorflow.org/api_docs/cc/class/tensorflow/ops/sparse-mat-mul.html,"./math_ops.cc:REGISTER_OP(""SparseMatMul"")"
tensorflow::ops::SparseSegmentMean,https://www.tensorflow.org/api_docs/cc/class/tensorflow/ops/sparse-segment-mean.html,"./math_ops.cc:REGISTER_OP(""SparseSegmentMean"")"
tensorflow::ops::SparseSegmentMeanGrad,https://www.tensorflow.org/api_docs/cc/class/tensorflow/ops/sparse-segment-mean-grad.html,"./math_ops.cc:REGISTER_OP(""SparseSegmentMeanGrad"")"
tensorflow::ops::SparseSegmentMeanWithNumSegments,https://www.tensorflow.org/api_docs/cc/class/tensorflow/ops/sparse-segment-mean-with-num-segments.html,"./math_ops.cc:REGISTER_OP(""SparseSegmentMeanWithNumSegments"")"
tensorflow::ops::SparseSegmentSqrtN,https://www.tensorflow.org/api_docs/cc/class/tensorflow/ops/sparse-segment-sqrt-n.html,"./math_ops.cc:REGISTER_OP(""SparseSegmentSqrtN"")"
tensorflow::ops::SparseSegmentSqrtNGrad,https://www.tensorflow.org/api_docs/cc/class/tensorflow/ops/sparse-segment-sqrt-n-grad.html,"./math_ops.cc:REGISTER_OP(""SparseSegmentSqrtNGrad"")"
tensorflow::ops::SparseSegmentSqrtNWithNumSegments,https://www.tensorflow.org/api_docs/cc/class/tensorflow/ops/sparse-segment-sqrt-n-with-num-segments.html,"./math_ops.cc:REGISTER_OP(""SparseSegmentSqrtNWithNumSegments"")"
tensorflow::ops::SparseSegmentSum,https://www.tensorflow.org/api_docs/cc/class/tensorflow/ops/sparse-segment-sum.html,"./math_ops.cc:REGISTER_OP(""SparseSegmentSum"")"
tensorflow::ops::SparseSegmentSumWithNumSegments,https://www.tensorflow.org/api_docs/cc/class/tensorflow/ops/sparse-segment-sum-with-num-segments.html,"./math_ops.cc:REGISTER_OP(""SparseSegmentSumWithNumSegments"")"
tensorflow::ops::Sqrt,https://www.tensorflow.org/api_docs/cc/class/tensorflow/ops/sqrt.html,"./math_ops.cc:REGISTER_OP(""Sqrt"").UNARY_COMPLEX();"
tensorflow::ops::Square,https://www.tensorflow.org/api_docs/cc/class/tensorflow/ops/square.html,"./math_ops.cc:REGISTER_OP(""Square"").UNARY();"
tensorflow::ops::SquaredDifference,https://www.tensorflow.org/api_docs/cc/class/tensorflow/ops/squared-difference.html,"./math_ops.cc:REGISTER_OP(""SquaredDifference"")"
tensorflow::ops::Subtract,https://www.tensorflow.org/api_docs/cc/class/tensorflow/ops/subtract.html,
tensorflow::ops::Sum,https://www.tensorflow.org/api_docs/cc/class/tensorflow/ops/sum.html,"./math_ops.cc:REGISTER_OP(""Sum"")"
tensorflow::ops::Tan,https://www.tensorflow.org/api_docs/cc/class/tensorflow/ops/tan.html,"./math_ops.cc:REGISTER_OP(""Tan"").UNARY();"
tensorflow::ops::Tanh,https://www.tensorflow.org/api_docs/cc/class/tensorflow/ops/tanh.html,"./math_ops.cc:REGISTER_OP(""Tanh"").UNARY_COMPLEX();"
tensorflow::ops::TruncateDiv,https://www.tensorflow.org/api_docs/cc/class/tensorflow/ops/truncate-div.html,"./math_ops.cc:REGISTER_OP(""TruncateDiv"")"
tensorflow::ops::TruncateMod,https://www.tensorflow.org/api_docs/cc/class/tensorflow/ops/truncate-mod.html,"./math_ops.cc:REGISTER_OP(""TruncateMod"")"
tensorflow::ops::UnsortedSegmentMax,https://www.tensorflow.org/api_docs/cc/class/tensorflow/ops/unsorted-segment-max.html,"./math_ops.cc:REGISTER_OP(""UnsortedSegmentMax"")"
tensorflow::ops::UnsortedSegmentMin,https://www.tensorflow.org/api_docs/cc/class/tensorflow/ops/unsorted-segment-min.html,"./math_ops.cc:REGISTER_OP(""UnsortedSegmentMin"")"
tensorflow::ops::UnsortedSegmentProd,https://www.tensorflow.org/api_docs/cc/class/tensorflow/ops/unsorted-segment-prod.html,"./math_ops.cc:REGISTER_OP(""UnsortedSegmentProd"")"
tensorflow::ops::UnsortedSegmentSum,https://www.tensorflow.org/api_docs/cc/class/tensorflow/ops/unsorted-segment-sum.html,"./math_ops.cc:REGISTER_OP(""UnsortedSegmentSum"")"
tensorflow::ops::Where3,https://www.tensorflow.org/api_docs/cc/class/tensorflow/ops/where3.html,
tensorflow::ops::Xdivy,https://www.tensorflow.org/api_docs/cc/class/tensorflow/ops/xdivy.html,"./math_ops.cc:REGISTER_OP(""Xdivy"")"
tensorflow::ops::Xlogy,https://www.tensorflow.org/api_docs/cc/class/tensorflow/ops/xlogy.html,"./math_ops.cc:REGISTER_OP(""Xlogy"")"
tensorflow::ops::Zeta,https://www.tensorflow.org/api_docs/cc/class/tensorflow/ops/zeta.html,"./math_ops.cc:REGISTER_OP(""Zeta"")"
tensorflow::ops::AvgPool,https://www.tensorflow.org/api_docs/cc/class/tensorflow/ops/avg-pool.html,"./nn_ops.cc:REGISTER_OP(""AvgPool"")"
tensorflow::ops::AvgPool3D,https://www.tensorflow.org/api_docs/cc/class/tensorflow/ops/avg-pool3-d.html,"./nn_ops.cc:REGISTER_OP(""AvgPool3D"")"
tensorflow::ops::AvgPool3DGrad,https://www.tensorflow.org/api_docs/cc/class/tensorflow/ops/avg-pool3-d-grad.html,"./nn_ops.cc:REGISTER_OP(""AvgPool3DGrad"")"
tensorflow::ops::BiasAdd,https://www.tensorflow.org/api_docs/cc/class/tensorflow/ops/bias-add.html,"./nn_ops.cc:REGISTER_OP(""BiasAdd"")"
tensorflow::ops::BiasAddGrad,https://www.tensorflow.org/api_docs/cc/class/tensorflow/ops/bias-add-grad.html,"./nn_ops.cc:REGISTER_OP(""BiasAddGrad"")"
tensorflow::ops::Conv2D,https://www.tensorflow.org/api_docs/cc/class/tensorflow/ops/conv2-d.html,"./nn_ops.cc:REGISTER_OP(""Conv2D"")"
tensorflow::ops::Conv2DBackpropFilter,https://www.tensorflow.org/api_docs/cc/class/tensorflow/ops/conv2-d-backprop-filter.html,"./nn_ops.cc:REGISTER_OP(""Conv2DBackpropFilter"")"
tensorflow::ops::Conv2DBackpropInput,https://www.tensorflow.org/api_docs/cc/class/tensorflow/ops/conv2-d-backprop-input.html,"./nn_ops.cc:REGISTER_OP(""Conv2DBackpropInput"")"
tensorflow::ops::Conv3D,https://www.tensorflow.org/api_docs/cc/class/tensorflow/ops/conv3-d.html,"./nn_ops.cc:REGISTER_OP(""Conv3D"")"
tensorflow::ops::Conv3DBackpropFilterV2,https://www.tensorflow.org/api_docs/cc/class/tensorflow/ops/conv3-d-backprop-filter-v2.html,"./nn_ops.cc:REGISTER_OP(""Conv3DBackpropFilterV2"")"
tensorflow::ops::Conv3DBackpropInputV2,https://www.tensorflow.org/api_docs/cc/class/tensorflow/ops/conv3-d-backprop-input-v2.html,"./nn_ops.cc:REGISTER_OP(""Conv3DBackpropInputV2"")"
tensorflow::ops::DataFormatDimMap,https://www.tensorflow.org/api_docs/cc/class/tensorflow/ops/data-format-dim-map.html,"./nn_ops.cc:REGISTER_OP(""DataFormatDimMap"")"
tensorflow::ops::DataFormatVecPermute,https://www.tensorflow.org/api_docs/cc/class/tensorflow/ops/data-format-vec-permute.html,"./nn_ops.cc:REGISTER_OP(""DataFormatVecPermute"")"
tensorflow::ops::DepthwiseConv2dNative,https://www.tensorflow.org/api_docs/cc/class/tensorflow/ops/depthwise-conv2d-native.html,"./nn_ops.cc:REGISTER_OP(""DepthwiseConv2dNative"")"
tensorflow::ops::DepthwiseConv2dNativeBackpropFilter,https://www.tensorflow.org/api_docs/cc/class/tensorflow/ops/depthwise-conv2d-native-backprop-filter.html,"./nn_ops.cc:REGISTER_OP(""DepthwiseConv2dNativeBackpropFilter"")"
tensorflow::ops::DepthwiseConv2dNativeBackpropInput,https://www.tensorflow.org/api_docs/cc/class/tensorflow/ops/depthwise-conv2d-native-backprop-input.html,"./nn_ops.cc:REGISTER_OP(""DepthwiseConv2dNativeBackpropInput"")"
tensorflow::ops::Dilation2D,https://www.tensorflow.org/api_docs/cc/class/tensorflow/ops/dilation2-d.html,"./nn_ops.cc:REGISTER_OP(""Dilation2D"")"
tensorflow::ops::Dilation2DBackpropFilter,https://www.tensorflow.org/api_docs/cc/class/tensorflow/ops/dilation2-d-backprop-filter.html,"./nn_ops.cc:REGISTER_OP(""Dilation2DBackpropFilter"")"
tensorflow::ops::Dilation2DBackpropInput,https://www.tensorflow.org/api_docs/cc/class/tensorflow/ops/dilation2-d-backprop-input.html,"./nn_ops.cc:REGISTER_OP(""Dilation2DBackpropInput"")"
tensorflow::ops::Elu,https://www.tensorflow.org/api_docs/cc/class/tensorflow/ops/elu.html,"./nn_ops.cc:REGISTER_OP(""Elu"")"
tensorflow::ops::FractionalAvgPool,https://www.tensorflow.org/api_docs/cc/class/tensorflow/ops/fractional-avg-pool.html,"./nn_ops.cc:REGISTER_OP(""FractionalAvgPool"")"
tensorflow::ops::FractionalMaxPool,https://www.tensorflow.org/api_docs/cc/class/tensorflow/ops/fractional-max-pool.html,"./nn_ops.cc:REGISTER_OP(""FractionalMaxPool"")"
tensorflow::ops::FusedBatchNorm,https://www.tensorflow.org/api_docs/cc/class/tensorflow/ops/fused-batch-norm.html,"./nn_ops.cc:REGISTER_OP(""FusedBatchNorm"")"
tensorflow::ops::FusedBatchNormGrad,https://www.tensorflow.org/api_docs/cc/class/tensorflow/ops/fused-batch-norm-grad.html,"./nn_ops.cc:REGISTER_OP(""FusedBatchNormGrad"")"
tensorflow::ops::FusedBatchNormGradV2,https://www.tensorflow.org/api_docs/cc/class/tensorflow/ops/fused-batch-norm-grad-v2.html,"./nn_ops.cc:REGISTER_OP(""FusedBatchNormGradV2"")"
tensorflow::ops::FusedBatchNormGradV3,https://www.tensorflow.org/api_docs/cc/class/tensorflow/ops/fused-batch-norm-grad-v3.html,"./nn_ops.cc:REGISTER_OP(""FusedBatchNormGradV3"")"
tensorflow::ops::FusedBatchNormV2,https://www.tensorflow.org/api_docs/cc/class/tensorflow/ops/fused-batch-norm-v2.html,"./nn_ops.cc:REGISTER_OP(""FusedBatchNormV2"")"
tensorflow::ops::FusedBatchNormV3,https://www.tensorflow.org/api_docs/cc/class/tensorflow/ops/fused-batch-norm-v3.html,"./nn_ops.cc:REGISTER_OP(""FusedBatchNormV3"")"
tensorflow::ops::FusedPadConv2D,https://www.tensorflow.org/api_docs/cc/class/tensorflow/ops/fused-pad-conv2-d.html,"./nn_ops.cc:REGISTER_OP(""FusedPadConv2D"")"
tensorflow::ops::FusedResizeAndPadConv2D,https://www.tensorflow.org/api_docs/cc/class/tensorflow/ops/fused-resize-and-pad-conv2-d.html,"./nn_ops.cc:REGISTER_OP(""FusedResizeAndPadConv2D"")"
tensorflow::ops::InTopK,https://www.tensorflow.org/api_docs/cc/class/tensorflow/ops/in-top-k.html,"./nn_ops.cc:REGISTER_OP(""InTopK"")"
tensorflow::ops::InTopKV2,https://www.tensorflow.org/api_docs/cc/class/tensorflow/ops/in-top-k-v2.html,"./nn_ops.cc:REGISTER_OP(""InTopKV2"")"
tensorflow::ops::L2Loss,https://www.tensorflow.org/api_docs/cc/class/tensorflow/ops/l2-loss.html,"./nn_ops.cc:REGISTER_OP(""L2Loss"")"
tensorflow::ops::LRN,https://www.tensorflow.org/api_docs/cc/class/tensorflow/ops/l-r-n.html,"./nn_ops.cc:REGISTER_OP(""LRN"")"
tensorflow::ops::LogSoftmax,https://www.tensorflow.org/api_docs/cc/class/tensorflow/ops/log-softmax.html,"./nn_ops.cc:REGISTER_OP(""LogSoftmax"")"
tensorflow::ops::MaxPool,https://www.tensorflow.org/api_docs/cc/class/tensorflow/ops/max-pool.html,"./nn_ops.cc:REGISTER_OP(""MaxPool"")"
tensorflow::ops::MaxPool3D,https://www.tensorflow.org/api_docs/cc/class/tensorflow/ops/max-pool3-d.html,"./nn_ops.cc:REGISTER_OP(""MaxPool3D"")"
tensorflow::ops::MaxPool3DGrad,https://www.tensorflow.org/api_docs/cc/class/tensorflow/ops/max-pool3-d-grad.html,"./nn_ops.cc:REGISTER_OP(""MaxPool3DGrad"")"
tensorflow::ops::MaxPool3DGradGrad,https://www.tensorflow.org/api_docs/cc/class/tensorflow/ops/max-pool3-d-grad-grad.html,"./nn_ops.cc:REGISTER_OP(""MaxPool3DGradGrad"")"
tensorflow::ops::MaxPoolGradGrad,https://www.tensorflow.org/api_docs/cc/class/tensorflow/ops/max-pool-grad-grad.html,"./nn_ops.cc:REGISTER_OP(""MaxPoolGradGrad"")"
tensorflow::ops::MaxPoolGradGradV2,https://www.tensorflow.org/api_docs/cc/class/tensorflow/ops/max-pool-grad-grad-v2.html,"./nn_ops.cc:REGISTER_OP(""MaxPoolGradGradV2"")"
tensorflow::ops::MaxPoolGradGradWithArgmax,https://www.tensorflow.org/api_docs/cc/class/tensorflow/ops/max-pool-grad-grad-with-argmax.html,"./nn_ops.cc:REGISTER_OP(""MaxPoolGradGradWithArgmax"")"
tensorflow::ops::MaxPoolGradV2,https://www.tensorflow.org/api_docs/cc/class/tensorflow/ops/max-pool-grad-v2.html,"./nn_ops.cc:REGISTER_OP(""MaxPoolGradV2"")"
tensorflow::ops::MaxPoolV2,https://www.tensorflow.org/api_docs/cc/class/tensorflow/ops/max-pool-v2.html,"./nn_ops.cc:REGISTER_OP(""MaxPoolV2"")"
tensorflow::ops::MaxPoolWithArgmax,https://www.tensorflow.org/api_docs/cc/class/tensorflow/ops/max-pool-with-argmax.html,"./nn_ops.cc:REGISTER_OP(""MaxPoolWithArgmax"")"
tensorflow::ops::NthElement,https://www.tensorflow.org/api_docs/cc/class/tensorflow/ops/nth-element.html,"./nn_ops.cc:REGISTER_OP(""NthElement"")"
tensorflow::ops::QuantizedAvgPool,https://www.tensorflow.org/api_docs/cc/class/tensorflow/ops/quantized-avg-pool.html,"./nn_ops.cc:REGISTER_OP(""QuantizedAvgPool"")"
tensorflow::ops::QuantizedBatchNormWithGlobalNormalization,https://www.tensorflow.org/api_docs/cc/class/tensorflow/ops/quantized-batch-norm-with-global-normalization.html,"./nn_ops.cc:REGISTER_OP(""QuantizedBatchNormWithGlobalNormalization"")"
tensorflow::ops::QuantizedBiasAdd,https://www.tensorflow.org/api_docs/cc/class/tensorflow/ops/quantized-bias-add.html,"./nn_ops.cc:REGISTER_OP(""QuantizedBiasAdd"")"
tensorflow::ops::QuantizedConv2D,https://www.tensorflow.org/api_docs/cc/class/tensorflow/ops/quantized-conv2-d.html,"./nn_ops.cc:REGISTER_OP(""QuantizedConv2D"")"
tensorflow::ops::QuantizedMaxPool,https://www.tensorflow.org/api_docs/cc/class/tensorflow/ops/quantized-max-pool.html,"./nn_ops.cc:REGISTER_OP(""QuantizedMaxPool"")"
tensorflow::ops::QuantizedRelu,https://www.tensorflow.org/api_docs/cc/class/tensorflow/ops/quantized-relu.html,"./nn_ops.cc:REGISTER_OP(""QuantizedRelu"")"
tensorflow::ops::QuantizedRelu6,https://www.tensorflow.org/api_docs/cc/class/tensorflow/ops/quantized-relu6.html,"./nn_ops.cc:REGISTER_OP(""QuantizedRelu6"")"
tensorflow::ops::QuantizedReluX,https://www.tensorflow.org/api_docs/cc/class/tensorflow/ops/quantized-relu-x.html,"./nn_ops.cc:REGISTER_OP(""QuantizedReluX"")"
tensorflow::ops::Relu,https://www.tensorflow.org/api_docs/cc/class/tensorflow/ops/relu.html,"./nn_ops.cc:REGISTER_OP(""Relu"")"
tensorflow::ops::Relu6,https://www.tensorflow.org/api_docs/cc/class/tensorflow/ops/relu6.html,"./nn_ops.cc:REGISTER_OP(""Relu6"")"
tensorflow::ops::Selu,https://www.tensorflow.org/api_docs/cc/class/tensorflow/ops/selu.html,"./nn_ops.cc:REGISTER_OP(""Selu"")"
tensorflow::ops::Softmax,https://www.tensorflow.org/api_docs/cc/class/tensorflow/ops/softmax.html,"./nn_ops.cc:REGISTER_OP(""Softmax"")"
tensorflow::ops::SoftmaxCrossEntropyWithLogits,https://www.tensorflow.org/api_docs/cc/class/tensorflow/ops/softmax-cross-entropy-with-logits.html,"./nn_ops.cc:REGISTER_OP(""SoftmaxCrossEntropyWithLogits"")"
tensorflow::ops::Softplus,https://www.tensorflow.org/api_docs/cc/class/tensorflow/ops/softplus.html,"./nn_ops.cc:REGISTER_OP(""Softplus"")"
tensorflow::ops::Softsign,https://www.tensorflow.org/api_docs/cc/class/tensorflow/ops/softsign.html,"./nn_ops.cc:REGISTER_OP(""Softsign"")"
tensorflow::ops::SparseSoftmaxCrossEntropyWithLogits,https://www.tensorflow.org/api_docs/cc/class/tensorflow/ops/sparse-softmax-cross-entropy-with-logits.html,"./nn_ops.cc:REGISTER_OP(""SparseSoftmaxCrossEntropyWithLogits"")"
tensorflow::ops::TopK,https://www.tensorflow.org/api_docs/cc/class/tensorflow/ops/top-k.html,"./nn_ops.cc:REGISTER_OP(""TopK"")"
tensorflow::ops::NoOp,https://www.tensorflow.org/api_docs/cc/class/tensorflow/ops/no-op.html,
tensorflow::ops::DecodeCSV,https://www.tensorflow.org/api_docs/cc/class/tensorflow/ops/decode-c-s-v.html,"./parsing_ops.cc:REGISTER_OP(""DecodeCSV"")"
tensorflow::ops::DecodeCompressed,https://www.tensorflow.org/api_docs/cc/class/tensorflow/ops/decode-compressed.html,"./parsing_ops.cc:REGISTER_OP(""DecodeCompressed"")"
tensorflow::ops::DecodeJSONExample,https://www.tensorflow.org/api_docs/cc/class/tensorflow/ops/decode-j-s-o-n-example.html,"./parsing_ops.cc:REGISTER_OP(""DecodeJSONExample"")"
tensorflow::ops::DecodePaddedRaw,https://www.tensorflow.org/api_docs/cc/class/tensorflow/ops/decode-padded-raw.html,"./parsing_ops.cc:REGISTER_OP(""DecodePaddedRaw"")"
tensorflow::ops::DecodeRaw,https://www.tensorflow.org/api_docs/cc/class/tensorflow/ops/decode-raw.html,"./parsing_ops.cc:REGISTER_OP(""DecodeRaw"")"
tensorflow::ops::ParseExample,https://www.tensorflow.org/api_docs/cc/class/tensorflow/ops/parse-example.html,"./parsing_ops.cc:REGISTER_OP(""ParseExample"")"
tensorflow::ops::ParseSequenceExample,https://www.tensorflow.org/api_docs/cc/class/tensorflow/ops/parse-sequence-example.html,"./parsing_ops.cc:REGISTER_OP(""ParseSequenceExample"")"
tensorflow::ops::ParseSingleExample,https://www.tensorflow.org/api_docs/cc/class/tensorflow/ops/parse-single-example.html,"./parsing_ops.cc:REGISTER_OP(""ParseSingleExample"")"
tensorflow::ops::ParseSingleSequenceExample,https://www.tensorflow.org/api_docs/cc/class/tensorflow/ops/parse-single-sequence-example.html,"./parsing_ops.cc:REGISTER_OP(""ParseSingleSequenceExample"")"
tensorflow::ops::ParseTensor,https://www.tensorflow.org/api_docs/cc/class/tensorflow/ops/parse-tensor.html,"./parsing_ops.cc:REGISTER_OP(""ParseTensor"")"
tensorflow::ops::SerializeTensor,https://www.tensorflow.org/api_docs/cc/class/tensorflow/ops/serialize-tensor.html,"./parsing_ops.cc:REGISTER_OP(""SerializeTensor"")"
tensorflow::ops::StringToNumber,https://www.tensorflow.org/api_docs/cc/class/tensorflow/ops/string-to-number.html,"./parsing_ops.cc:REGISTER_OP(""StringToNumber"")"
tensorflow::ops::Multinomial,https://www.tensorflow.org/api_docs/cc/class/tensorflow/ops/multinomial.html,"./random_ops.cc:REGISTER_OP(""Multinomial"")"
tensorflow::ops::ParameterizedTruncatedNormal,https://www.tensorflow.org/api_docs/cc/class/tensorflow/ops/parameterized-truncated-normal.html,"./random_ops.cc:REGISTER_OP(""ParameterizedTruncatedNormal"")"
tensorflow::ops::RandomGamma,https://www.tensorflow.org/api_docs/cc/class/tensorflow/ops/random-gamma.html,"./random_ops.cc:REGISTER_OP(""RandomGamma"")"
tensorflow::ops::RandomNormal,https://www.tensorflow.org/api_docs/cc/class/tensorflow/ops/random-normal.html,
tensorflow::ops::RandomPoissonV2,https://www.tensorflow.org/api_docs/cc/class/tensorflow/ops/random-poisson-v2.html,"./random_ops.cc:REGISTER_OP(""RandomPoissonV2"")"
tensorflow::ops::RandomShuffle,https://www.tensorflow.org/api_docs/cc/class/tensorflow/ops/random-shuffle.html,"./random_ops.cc:REGISTER_OP(""RandomShuffle"")"
tensorflow::ops::RandomUniform,https://www.tensorflow.org/api_docs/cc/class/tensorflow/ops/random-uniform.html,"./random_ops.cc:REGISTER_OP(""RandomUniform"")"
tensorflow::ops::RandomUniformInt,https://www.tensorflow.org/api_docs/cc/class/tensorflow/ops/random-uniform-int.html,"./random_ops.cc:REGISTER_OP(""RandomUniformInt"")"
tensorflow::ops::TruncatedNormal,https://www.tensorflow.org/api_docs/cc/class/tensorflow/ops/truncated-normal.html,"./random_ops.cc:REGISTER_OP(""TruncatedNormal"")"
tensorflow::ops::AddManySparseToTensorsMap,https://www.tensorflow.org/api_docs/cc/class/tensorflow/ops/add-many-sparse-to-tensors-map.html,"./sparse_ops.cc:REGISTER_OP(""AddManySparseToTensorsMap"")"
tensorflow::ops::AddSparseToTensorsMap,https://www.tensorflow.org/api_docs/cc/class/tensorflow/ops/add-sparse-to-tensors-map.html,"./sparse_ops.cc:REGISTER_OP(""AddSparseToTensorsMap"")"
tensorflow::ops::DeserializeManySparse,https://www.tensorflow.org/api_docs/cc/class/tensorflow/ops/deserialize-many-sparse.html,"./sparse_ops.cc:REGISTER_OP(""DeserializeManySparse"")"
tensorflow::ops::DeserializeSparse,https://www.tensorflow.org/api_docs/cc/class/tensorflow/ops/deserialize-sparse.html,"./sparse_ops.cc:REGISTER_OP(""DeserializeSparse"")"
tensorflow::ops::SerializeManySparse,https://www.tensorflow.org/api_docs/cc/class/tensorflow/ops/serialize-many-sparse.html,"./sparse_ops.cc:REGISTER_OP(""SerializeManySparse"")"
tensorflow::ops::SerializeSparse,https://www.tensorflow.org/api_docs/cc/class/tensorflow/ops/serialize-sparse.html,"./sparse_ops.cc:REGISTER_OP(""SerializeSparse"")"
tensorflow::ops::SparseAdd,https://www.tensorflow.org/api_docs/cc/class/tensorflow/ops/sparse-add.html,"./sparse_ops.cc:REGISTER_OP(""SparseAdd"")"
tensorflow::ops::SparseAddGrad,https://www.tensorflow.org/api_docs/cc/class/tensorflow/ops/sparse-add-grad.html,"./sparse_ops.cc:REGISTER_OP(""SparseAddGrad"")"
tensorflow::ops::SparseConcat,https://www.tensorflow.org/api_docs/cc/class/tensorflow/ops/sparse-concat.html,"./sparse_ops.cc:REGISTER_OP(""SparseConcat"")"
tensorflow::ops::SparseCross,https://www.tensorflow.org/api_docs/cc/class/tensorflow/ops/sparse-cross.html,"./sparse_ops.cc:REGISTER_OP(""SparseCross"")"
tensorflow::ops::SparseDenseCwiseAdd,https://www.tensorflow.org/api_docs/cc/class/tensorflow/ops/sparse-dense-cwise-add.html,"./sparse_ops.cc:REGISTER_OP(""SparseDenseCwiseAdd"").SPARSE_DENSE_CWISE_SIGNATURE();"
tensorflow::ops::SparseDenseCwiseDiv,https://www.tensorflow.org/api_docs/cc/class/tensorflow/ops/sparse-dense-cwise-div.html,"./sparse_ops.cc:REGISTER_OP(""SparseDenseCwiseDiv"").SPARSE_DENSE_CWISE_SIGNATURE();"
tensorflow::ops::SparseDenseCwiseMul,https://www.tensorflow.org/api_docs/cc/class/tensorflow/ops/sparse-dense-cwise-mul.html,"./sparse_ops.cc:REGISTER_OP(""SparseDenseCwiseMul"").SPARSE_DENSE_CWISE_SIGNATURE();"
tensorflow::ops::SparseFillEmptyRows,https://www.tensorflow.org/api_docs/cc/class/tensorflow/ops/sparse-fill-empty-rows.html,"./sparse_ops.cc:REGISTER_OP(""SparseFillEmptyRows"")"
tensorflow::ops::SparseFillEmptyRowsGrad,https://www.tensorflow.org/api_docs/cc/class/tensorflow/ops/sparse-fill-empty-rows-grad.html,"./sparse_ops.cc:REGISTER_OP(""SparseFillEmptyRowsGrad"")"
tensorflow::ops::SparseReduceMax,https://www.tensorflow.org/api_docs/cc/class/tensorflow/ops/sparse-reduce-max.html,"./sparse_ops.cc:REGISTER_OP(""SparseReduceMax"")"
tensorflow::ops::SparseReduceMaxSparse,https://www.tensorflow.org/api_docs/cc/class/tensorflow/ops/sparse-reduce-max-sparse.html,"./sparse_ops.cc:REGISTER_OP(""SparseReduceMaxSparse"")"
tensorflow::ops::SparseReduceSum,https://www.tensorflow.org/api_docs/cc/class/tensorflow/ops/sparse-reduce-sum.html,"./sparse_ops.cc:REGISTER_OP(""SparseReduceSum"")"
tensorflow::ops::SparseReduceSumSparse,https://www.tensorflow.org/api_docs/cc/class/tensorflow/ops/sparse-reduce-sum-sparse.html,"./sparse_ops.cc:REGISTER_OP(""SparseReduceSumSparse"")"
tensorflow::ops::SparseReorder,https://www.tensorflow.org/api_docs/cc/class/tensorflow/ops/sparse-reorder.html,"./sparse_ops.cc:REGISTER_OP(""SparseReorder"")"
tensorflow::ops::SparseReshape,https://www.tensorflow.org/api_docs/cc/class/tensorflow/ops/sparse-reshape.html,"./sparse_ops.cc:REGISTER_OP(""SparseReshape"")"
tensorflow::ops::SparseSlice,https://www.tensorflow.org/api_docs/cc/class/tensorflow/ops/sparse-slice.html,"./sparse_ops.cc:REGISTER_OP(""SparseSlice"")"
tensorflow::ops::SparseSliceGrad,https://www.tensorflow.org/api_docs/cc/class/tensorflow/ops/sparse-slice-grad.html,"./sparse_ops.cc:REGISTER_OP(""SparseSliceGrad"")"
tensorflow::ops::SparseSoftmax,https://www.tensorflow.org/api_docs/cc/class/tensorflow/ops/sparse-softmax.html,"./sparse_ops.cc:REGISTER_OP(""SparseSoftmax"")"
tensorflow::ops::SparseSparseMaximum,https://www.tensorflow.org/api_docs/cc/class/tensorflow/ops/sparse-sparse-maximum.html,"./sparse_ops.cc:REGISTER_OP(""SparseSparseMaximum"")"
tensorflow::ops::SparseSparseMinimum,https://www.tensorflow.org/api_docs/cc/class/tensorflow/ops/sparse-sparse-minimum.html,"./sparse_ops.cc:REGISTER_OP(""SparseSparseMinimum"")"
tensorflow::ops::SparseSplit,https://www.tensorflow.org/api_docs/cc/class/tensorflow/ops/sparse-split.html,"./sparse_ops.cc:REGISTER_OP(""SparseSplit"")"
tensorflow::ops::SparseTensorDenseAdd,https://www.tensorflow.org/api_docs/cc/class/tensorflow/ops/sparse-tensor-dense-add.html,"./sparse_ops.cc:REGISTER_OP(""SparseTensorDenseAdd"")"
tensorflow::ops::SparseTensorDenseMatMul,https://www.tensorflow.org/api_docs/cc/class/tensorflow/ops/sparse-tensor-dense-mat-mul.html,"./sparse_ops.cc:REGISTER_OP(""SparseTensorDenseMatMul"")"
tensorflow::ops::TakeManySparseFromTensorsMap,https://www.tensorflow.org/api_docs/cc/class/tensorflow/ops/take-many-sparse-from-tensors-map.html,"./sparse_ops.cc:REGISTER_OP(""TakeManySparseFromTensorsMap"")"
tensorflow::ops::Assign,https://www.tensorflow.org/api_docs/cc/class/tensorflow/ops/assign.html,"./state_ops.cc:REGISTER_OP(""Assign"")"
tensorflow::ops::AssignAdd,https://www.tensorflow.org/api_docs/cc/class/tensorflow/ops/assign-add.html,"./state_ops.cc:REGISTER_OP(""AssignAdd"")"
tensorflow::ops::AssignSub,https://www.tensorflow.org/api_docs/cc/class/tensorflow/ops/assign-sub.html,"./state_ops.cc:REGISTER_OP(""AssignSub"")"
tensorflow::ops::CountUpTo,https://www.tensorflow.org/api_docs/cc/class/tensorflow/ops/count-up-to.html,"./state_ops.cc:REGISTER_OP(""CountUpTo"")"
tensorflow::ops::DestroyTemporaryVariable,https://www.tensorflow.org/api_docs/cc/class/tensorflow/ops/destroy-temporary-variable.html,"./state_ops.cc:REGISTER_OP(""DestroyTemporaryVariable"")"
tensorflow::ops::IsVariableInitialized,https://www.tensorflow.org/api_docs/cc/class/tensorflow/ops/is-variable-initialized.html,"./state_ops.cc:REGISTER_OP(""IsVariableInitialized"")"
tensorflow::ops::ResourceCountUpTo,https://www.tensorflow.org/api_docs/cc/class/tensorflow/ops/resource-count-up-to.html,"./state_ops.cc:REGISTER_OP(""ResourceCountUpTo"")"
tensorflow::ops::ResourceScatterNdAdd,https://www.tensorflow.org/api_docs/cc/class/tensorflow/ops/resource-scatter-nd-add.html,"./state_ops.cc:REGISTER_OP(""ResourceScatterNdAdd"")"
tensorflow::ops::ResourceScatterNdSub,https://www.tensorflow.org/api_docs/cc/class/tensorflow/ops/resource-scatter-nd-sub.html,"./state_ops.cc:REGISTER_OP(""ResourceScatterNdSub"")"
tensorflow::ops::ResourceScatterNdUpdate,https://www.tensorflow.org/api_docs/cc/class/tensorflow/ops/resource-scatter-nd-update.html,"./state_ops.cc:REGISTER_OP(""ResourceScatterNdUpdate"")"
tensorflow::ops::ScatterAdd,https://www.tensorflow.org/api_docs/cc/class/tensorflow/ops/scatter-add.html,"./state_ops.cc:REGISTER_OP(""ScatterAdd"")"
tensorflow::ops::ScatterDiv,https://www.tensorflow.org/api_docs/cc/class/tensorflow/ops/scatter-div.html,"./state_ops.cc:REGISTER_OP(""ScatterDiv"")"
tensorflow::ops::ScatterMax,https://www.tensorflow.org/api_docs/cc/class/tensorflow/ops/scatter-max.html,"./state_ops.cc:REGISTER_OP(""ScatterMax"")"
tensorflow::ops::ScatterMin,https://www.tensorflow.org/api_docs/cc/class/tensorflow/ops/scatter-min.html,"./state_ops.cc:REGISTER_OP(""ScatterMin"")"
tensorflow::ops::ScatterMul,https://www.tensorflow.org/api_docs/cc/class/tensorflow/ops/scatter-mul.html,"./state_ops.cc:REGISTER_OP(""ScatterMul"")"
tensorflow::ops::ScatterNdAdd,https://www.tensorflow.org/api_docs/cc/class/tensorflow/ops/scatter-nd-add.html,"./state_ops.cc:REGISTER_OP(""ScatterNdAdd"")"
tensorflow::ops::ScatterNdSub,https://www.tensorflow.org/api_docs/cc/class/tensorflow/ops/scatter-nd-sub.html,"./state_ops.cc:REGISTER_OP(""ScatterNdSub"")"
tensorflow::ops::ScatterNdUpdate,https://www.tensorflow.org/api_docs/cc/class/tensorflow/ops/scatter-nd-update.html,"./state_ops.cc:REGISTER_OP(""ScatterNdUpdate"")"
tensorflow::ops::ScatterSub,https://www.tensorflow.org/api_docs/cc/class/tensorflow/ops/scatter-sub.html,"./state_ops.cc:REGISTER_OP(""ScatterSub"")"
tensorflow::ops::ScatterUpdate,https://www.tensorflow.org/api_docs/cc/class/tensorflow/ops/scatter-update.html,"./state_ops.cc:REGISTER_OP(""ScatterUpdate"")"
tensorflow::ops::TemporaryVariable,https://www.tensorflow.org/api_docs/cc/class/tensorflow/ops/temporary-variable.html,"./state_ops.cc:REGISTER_OP(""TemporaryVariable"")"
tensorflow::ops::Variable,https://www.tensorflow.org/api_docs/cc/class/tensorflow/ops/variable.html,"./state_ops.cc:REGISTER_OP(""Variable"")"
tensorflow::ops::AsString,https://www.tensorflow.org/api_docs/cc/class/tensorflow/ops/as-string.html,"./string_ops.cc:REGISTER_OP(""AsString"")"
tensorflow::ops::DecodeBase64,https://www.tensorflow.org/api_docs/cc/class/tensorflow/ops/decode-base64.html,"./string_ops.cc:REGISTER_OP(""DecodeBase64"")"
tensorflow::ops::EncodeBase64,https://www.tensorflow.org/api_docs/cc/class/tensorflow/ops/encode-base64.html,"./string_ops.cc:REGISTER_OP(""EncodeBase64"")"
tensorflow::ops::ReduceJoin,https://www.tensorflow.org/api_docs/cc/class/tensorflow/ops/reduce-join.html,"./string_ops.cc:REGISTER_OP(""ReduceJoin"")"
tensorflow::ops::RegexFullMatch,https://www.tensorflow.org/api_docs/cc/class/tensorflow/ops/regex-full-match.html,"./string_ops.cc:REGISTER_OP(""RegexFullMatch"")"
tensorflow::ops::RegexReplace,https://www.tensorflow.org/api_docs/cc/class/tensorflow/ops/regex-replace.html,"./string_ops.cc:REGISTER_OP(""RegexReplace"")"
tensorflow::ops::StringFormat,https://www.tensorflow.org/api_docs/cc/class/tensorflow/ops/string-format.html,"./string_ops.cc:REGISTER_OP(""StringFormat"")"
tensorflow::ops::StringJoin,https://www.tensorflow.org/api_docs/cc/class/tensorflow/ops/string-join.html,"./string_ops.cc:REGISTER_OP(""StringJoin"")"
tensorflow::ops::StringLength,https://www.tensorflow.org/api_docs/cc/class/tensorflow/ops/string-length.html,"./string_ops.cc:REGISTER_OP(""StringLength"")"
tensorflow::ops::StringLower,https://www.tensorflow.org/api_docs/cc/class/tensorflow/ops/string-lower.html,"./string_ops.cc:REGISTER_OP(""StringLower"")"
tensorflow::ops::StringNGrams,https://www.tensorflow.org/api_docs/cc/class/tensorflow/ops/string-n-grams.html,"./string_ops.cc:REGISTER_OP(""StringNGrams"")"
tensorflow::ops::StringSplit,https://www.tensorflow.org/api_docs/cc/class/tensorflow/ops/string-split.html,"./string_ops.cc:REGISTER_OP(""StringSplit"")"
tensorflow::ops::StringSplitV2,https://www.tensorflow.org/api_docs/cc/class/tensorflow/ops/string-split-v2.html,"./string_ops.cc:REGISTER_OP(""StringSplitV2"")"
tensorflow::ops::StringStrip,https://www.tensorflow.org/api_docs/cc/class/tensorflow/ops/string-strip.html,"./string_ops.cc:REGISTER_OP(""StringStrip"")"
tensorflow::ops::StringToHashBucket,https://www.tensorflow.org/api_docs/cc/class/tensorflow/ops/string-to-hash-bucket.html,"./string_ops.cc:REGISTER_OP(""StringToHashBucket"")"
tensorflow::ops::StringToHashBucketFast,https://www.tensorflow.org/api_docs/cc/class/tensorflow/ops/string-to-hash-bucket-fast.html,"./string_ops.cc:REGISTER_OP(""StringToHashBucketFast"")"
tensorflow::ops::StringToHashBucketStrong,https://www.tensorflow.org/api_docs/cc/class/tensorflow/ops/string-to-hash-bucket-strong.html,"./string_ops.cc:REGISTER_OP(""StringToHashBucketStrong"")"
tensorflow::ops::StringUpper,https://www.tensorflow.org/api_docs/cc/class/tensorflow/ops/string-upper.html,"./string_ops.cc:REGISTER_OP(""StringUpper"")"
tensorflow::ops::Substr,https://www.tensorflow.org/api_docs/cc/class/tensorflow/ops/substr.html,"./string_ops.cc:REGISTER_OP(""Substr"")"
tensorflow::ops::UnicodeScript,https://www.tensorflow.org/api_docs/cc/class/tensorflow/ops/unicode-script.html,"./string_ops.cc:REGISTER_OP(""UnicodeScript"")"
tensorflow::ops::UnicodeTranscode,https://www.tensorflow.org/api_docs/cc/class/tensorflow/ops/unicode-transcode.html,"./string_ops.cc:REGISTER_OP(""UnicodeTranscode"")"
tensorflow::ops::UnsortedSegmentJoin,https://www.tensorflow.org/api_docs/cc/class/tensorflow/ops/unsorted-segment-join.html,"./string_ops.cc:REGISTER_OP(""UnsortedSegmentJoin"")"
tensorflow::ops::ApplyAdadelta,https://www.tensorflow.org/api_docs/cc/class/tensorflow/ops/apply-adadelta.html,"./training_ops.cc:REGISTER_OP(""ApplyAdadelta"")"
tensorflow::ops::ApplyAdagrad,https://www.tensorflow.org/api_docs/cc/class/tensorflow/ops/apply-adagrad.html,"./training_ops.cc:REGISTER_OP(""ApplyAdagrad"")"
tensorflow::ops::ApplyAdagradDA,https://www.tensorflow.org/api_docs/cc/class/tensorflow/ops/apply-adagrad-d-a.html,"./training_ops.cc:REGISTER_OP(""ApplyAdagradDA"")"
tensorflow::ops::ApplyAdam,https://www.tensorflow.org/api_docs/cc/class/tensorflow/ops/apply-adam.html,"./training_ops.cc:REGISTER_OP(""ApplyAdam"")"
tensorflow::ops::ApplyAddSign,https://www.tensorflow.org/api_docs/cc/class/tensorflow/ops/apply-add-sign.html,"./training_ops.cc:REGISTER_OP(""ApplyAddSign"")"
tensorflow::ops::ApplyCenteredRMSProp,https://www.tensorflow.org/api_docs/cc/class/tensorflow/ops/apply-centered-r-m-s-prop.html,"./training_ops.cc:REGISTER_OP(""ApplyCenteredRMSProp"")"
tensorflow::ops::ApplyFtrl,https://www.tensorflow.org/api_docs/cc/class/tensorflow/ops/apply-ftrl.html,"./training_ops.cc:REGISTER_OP(""ApplyFtrl"")"
tensorflow::ops::ApplyFtrlV2,https://www.tensorflow.org/api_docs/cc/class/tensorflow/ops/apply-ftrl-v2.html,"./training_ops.cc:REGISTER_OP(""ApplyFtrlV2"")"
tensorflow::ops::ApplyGradientDescent,https://www.tensorflow.org/api_docs/cc/class/tensorflow/ops/apply-gradient-descent.html,"./training_ops.cc:REGISTER_OP(""ApplyGradientDescent"")"
tensorflow::ops::ApplyMomentum,https://www.tensorflow.org/api_docs/cc/class/tensorflow/ops/apply-momentum.html,"./training_ops.cc:REGISTER_OP(""ApplyMomentum"")"
tensorflow::ops::ApplyPowerSign,https://www.tensorflow.org/api_docs/cc/class/tensorflow/ops/apply-power-sign.html,"./training_ops.cc:REGISTER_OP(""ApplyPowerSign"")"
tensorflow::ops::ApplyProximalAdagrad,https://www.tensorflow.org/api_docs/cc/class/tensorflow/ops/apply-proximal-adagrad.html,"./training_ops.cc:REGISTER_OP(""ApplyProximalAdagrad"")"
tensorflow::ops::ApplyProximalGradientDescent,https://www.tensorflow.org/api_docs/cc/class/tensorflow/ops/apply-proximal-gradient-descent.html,"./training_ops.cc:REGISTER_OP(""ApplyProximalGradientDescent"")"
tensorflow::ops::ApplyRMSProp,https://www.tensorflow.org/api_docs/cc/class/tensorflow/ops/apply-r-m-s-prop.html,"./training_ops.cc:REGISTER_OP(""ApplyRMSProp"")"
tensorflow::ops::ResourceApplyAdadelta,https://www.tensorflow.org/api_docs/cc/class/tensorflow/ops/resource-apply-adadelta.html,"./training_ops.cc:REGISTER_OP(""ResourceApplyAdadelta"")"
tensorflow::ops::ResourceApplyAdagrad,https://www.tensorflow.org/api_docs/cc/class/tensorflow/ops/resource-apply-adagrad.html,"./training_ops.cc:REGISTER_OP(""ResourceApplyAdagrad"")"
tensorflow::ops::ResourceApplyAdagradDA,https://www.tensorflow.org/api_docs/cc/class/tensorflow/ops/resource-apply-adagrad-d-a.html,"./training_ops.cc:REGISTER_OP(""ResourceApplyAdagradDA"")"
tensorflow::ops::ResourceApplyAdam,https://www.tensorflow.org/api_docs/cc/class/tensorflow/ops/resource-apply-adam.html,"./training_ops.cc:REGISTER_OP(""ResourceApplyAdam"")"
tensorflow::ops::ResourceApplyAdamWithAmsgrad,https://www.tensorflow.org/api_docs/cc/class/tensorflow/ops/resource-apply-adam-with-amsgrad.html,"./training_ops.cc:REGISTER_OP(""ResourceApplyAdamWithAmsgrad"")"
tensorflow::ops::ResourceApplyAddSign,https://www.tensorflow.org/api_docs/cc/class/tensorflow/ops/resource-apply-add-sign.html,"./training_ops.cc:REGISTER_OP(""ResourceApplyAddSign"")"
tensorflow::ops::ResourceApplyCenteredRMSProp,https://www.tensorflow.org/api_docs/cc/class/tensorflow/ops/resource-apply-centered-r-m-s-prop.html,"./training_ops.cc:REGISTER_OP(""ResourceApplyCenteredRMSProp"")"
tensorflow::ops::ResourceApplyFtrl,https://www.tensorflow.org/api_docs/cc/class/tensorflow/ops/resource-apply-ftrl.html,"./training_ops.cc:REGISTER_OP(""ResourceApplyFtrl"")"
tensorflow::ops::ResourceApplyFtrlV2,https://www.tensorflow.org/api_docs/cc/class/tensorflow/ops/resource-apply-ftrl-v2.html,"./training_ops.cc:REGISTER_OP(""ResourceApplyFtrlV2"")"
tensorflow::ops::ResourceApplyGradientDescent,https://www.tensorflow.org/api_docs/cc/class/tensorflow/ops/resource-apply-gradient-descent.html,"./training_ops.cc:REGISTER_OP(""ResourceApplyGradientDescent"")"
tensorflow::ops::ResourceApplyKerasMomentum,https://www.tensorflow.org/api_docs/cc/class/tensorflow/ops/resource-apply-keras-momentum.html,"./training_ops.cc:REGISTER_OP(""ResourceApplyKerasMomentum"")"
tensorflow::ops::ResourceApplyMomentum,https://www.tensorflow.org/api_docs/cc/class/tensorflow/ops/resource-apply-momentum.html,"./training_ops.cc:REGISTER_OP(""ResourceApplyMomentum"")"
tensorflow::ops::ResourceApplyPowerSign,https://www.tensorflow.org/api_docs/cc/class/tensorflow/ops/resource-apply-power-sign.html,"./training_ops.cc:REGISTER_OP(""ResourceApplyPowerSign"")"
tensorflow::ops::ResourceApplyProximalAdagrad,https://www.tensorflow.org/api_docs/cc/class/tensorflow/ops/resource-apply-proximal-adagrad.html,"./training_ops.cc:REGISTER_OP(""ResourceApplyProximalAdagrad"")"
tensorflow::ops::ResourceApplyProximalGradientDescent,https://www.tensorflow.org/api_docs/cc/class/tensorflow/ops/resource-apply-proximal-gradient-descent.html,"./training_ops.cc:REGISTER_OP(""ResourceApplyProximalGradientDescent"")"
tensorflow::ops::ResourceApplyRMSProp,https://www.tensorflow.org/api_docs/cc/class/tensorflow/ops/resource-apply-r-m-s-prop.html,"./training_ops.cc:REGISTER_OP(""ResourceApplyRMSProp"")"
tensorflow::ops::ResourceSparseApplyAdadelta,https://www.tensorflow.org/api_docs/cc/class/tensorflow/ops/resource-sparse-apply-adadelta.html,"./training_ops.cc:REGISTER_OP(""ResourceSparseApplyAdadelta"")"
tensorflow::ops::ResourceSparseApplyAdagrad,https://www.tensorflow.org/api_docs/cc/class/tensorflow/ops/resource-sparse-apply-adagrad.html,"./training_ops.cc:REGISTER_OP(""ResourceSparseApplyAdagrad"")"
tensorflow::ops::ResourceSparseApplyAdagradDA,https://www.tensorflow.org/api_docs/cc/class/tensorflow/ops/resource-sparse-apply-adagrad-d-a.html,"./training_ops.cc:REGISTER_OP(""ResourceSparseApplyAdagradDA"")"
tensorflow::ops::ResourceSparseApplyCenteredRMSProp,https://www.tensorflow.org/api_docs/cc/class/tensorflow/ops/resource-sparse-apply-centered-r-m-s-prop.html,"./training_ops.cc:REGISTER_OP(""ResourceSparseApplyCenteredRMSProp"")"
tensorflow::ops::ResourceSparseApplyFtrl,https://www.tensorflow.org/api_docs/cc/class/tensorflow/ops/resource-sparse-apply-ftrl.html,"./training_ops.cc:REGISTER_OP(""ResourceSparseApplyFtrl"")"
tensorflow::ops::ResourceSparseApplyFtrlV2,https://www.tensorflow.org/api_docs/cc/class/tensorflow/ops/resource-sparse-apply-ftrl-v2.html,"./training_ops.cc:REGISTER_OP(""ResourceSparseApplyFtrlV2"")"
tensorflow::ops::ResourceSparseApplyKerasMomentum,https://www.tensorflow.org/api_docs/cc/class/tensorflow/ops/resource-sparse-apply-keras-momentum.html,"./training_ops.cc:REGISTER_OP(""ResourceSparseApplyKerasMomentum"")"
tensorflow::ops::ResourceSparseApplyMomentum,https://www.tensorflow.org/api_docs/cc/class/tensorflow/ops/resource-sparse-apply-momentum.html,"./training_ops.cc:REGISTER_OP(""ResourceSparseApplyMomentum"")"
tensorflow::ops::ResourceSparseApplyProximalAdagrad,https://www.tensorflow.org/api_docs/cc/class/tensorflow/ops/resource-sparse-apply-proximal-adagrad.html,"./training_ops.cc:REGISTER_OP(""ResourceSparseApplyProximalAdagrad"")"
tensorflow::ops::ResourceSparseApplyProximalGradientDescent,https://www.tensorflow.org/api_docs/cc/class/tensorflow/ops/resource-sparse-apply-proximal-gradient-descent.html,"./training_ops.cc:REGISTER_OP(""ResourceSparseApplyProximalGradientDescent"")"
tensorflow::ops::ResourceSparseApplyRMSProp,https://www.tensorflow.org/api_docs/cc/class/tensorflow/ops/resource-sparse-apply-r-m-s-prop.html,"./training_ops.cc:REGISTER_OP(""ResourceSparseApplyRMSProp"")"
tensorflow::ops::SparseApplyAdadelta,https://www.tensorflow.org/api_docs/cc/class/tensorflow/ops/sparse-apply-adadelta.html,"./training_ops.cc:REGISTER_OP(""SparseApplyAdadelta"")"
tensorflow::ops::SparseApplyAdagrad,https://www.tensorflow.org/api_docs/cc/class/tensorflow/ops/sparse-apply-adagrad.html,"./training_ops.cc:REGISTER_OP(""SparseApplyAdagrad"")"
tensorflow::ops::SparseApplyAdagradDA,https://www.tensorflow.org/api_docs/cc/class/tensorflow/ops/sparse-apply-adagrad-d-a.html,"./training_ops.cc:REGISTER_OP(""SparseApplyAdagradDA"")"
tensorflow::ops::SparseApplyCenteredRMSProp,https://www.tensorflow.org/api_docs/cc/class/tensorflow/ops/sparse-apply-centered-r-m-s-prop.html,"./training_ops.cc:REGISTER_OP(""SparseApplyCenteredRMSProp"")"
tensorflow::ops::SparseApplyFtrl,https://www.tensorflow.org/api_docs/cc/class/tensorflow/ops/sparse-apply-ftrl.html,"./training_ops.cc:REGISTER_OP(""SparseApplyFtrl"")"
tensorflow::ops::SparseApplyFtrlV2,https://www.tensorflow.org/api_docs/cc/class/tensorflow/ops/sparse-apply-ftrl-v2.html,"./training_ops.cc:REGISTER_OP(""SparseApplyFtrlV2"")"
tensorflow::ops::SparseApplyMomentum,https://www.tensorflow.org/api_docs/cc/class/tensorflow/ops/sparse-apply-momentum.html,"./training_ops.cc:REGISTER_OP(""SparseApplyMomentum"")"
tensorflow::ops::SparseApplyProximalAdagrad,https://www.tensorflow.org/api_docs/cc/class/tensorflow/ops/sparse-apply-proximal-adagrad.html,"./training_ops.cc:REGISTER_OP(""SparseApplyProximalAdagrad"")"
tensorflow::ops::SparseApplyProximalGradientDescent,https://www.tensorflow.org/api_docs/cc/class/tensorflow/ops/sparse-apply-proximal-gradient-descent.html,"./training_ops.cc:REGISTER_OP(""SparseApplyProximalGradientDescent"")"
tensorflow::ops::SparseApplyRMSProp,https://www.tensorflow.org/api_docs/cc/class/tensorflow/ops/sparse-apply-r-m-s-prop.html,"./training_ops.cc:REGISTER_OP(""SparseApplyRMSProp"")"
tensorflow::ops::Fact,https://www.tensorflow.org/api_docs/cc/class/tensorflow/ops/fact.html,
