C++ doc,url
tensorflow::ops::BatchToSpace,https://www.tensorflow.org/api_docs/cc/class/tensorflow/ops/batch-to-space.html
tensorflow::ops::BatchToSpaceND,https://www.tensorflow.org/api_docs/cc/class/tensorflow/ops/batch-to-space-n-d.html
tensorflow::ops::Bitcast,https://www.tensorflow.org/api_docs/cc/class/tensorflow/ops/bitcast.html
tensorflow::ops::BroadcastDynamicShape,https://www.tensorflow.org/api_docs/cc/class/tensorflow/ops/broadcast-dynamic-shape.html
tensorflow::ops::BroadcastTo,https://www.tensorflow.org/api_docs/cc/class/tensorflow/ops/broadcast-to.html
tensorflow::ops::CheckNumerics,https://www.tensorflow.org/api_docs/cc/class/tensorflow/ops/check-numerics.html
tensorflow::ops::Concat,https://www.tensorflow.org/api_docs/cc/class/tensorflow/ops/concat.html
tensorflow::ops::ConjugateTranspose,https://www.tensorflow.org/api_docs/cc/class/tensorflow/ops/conjugate-transpose.html
tensorflow::ops::DebugGradientIdentity,https://www.tensorflow.org/api_docs/cc/class/tensorflow/ops/debug-gradient-identity.html
tensorflow::ops::DebugGradientRefIdentity,https://www.tensorflow.org/api_docs/cc/class/tensorflow/ops/debug-gradient-ref-identity.html
tensorflow::ops::DeepCopy,https://www.tensorflow.org/api_docs/cc/class/tensorflow/ops/deep-copy.html
tensorflow::ops::DepthToSpace,https://www.tensorflow.org/api_docs/cc/class/tensorflow/ops/depth-to-space.html
tensorflow::ops::Dequantize,https://www.tensorflow.org/api_docs/cc/class/tensorflow/ops/dequantize.html
tensorflow::ops::Diag,https://www.tensorflow.org/api_docs/cc/class/tensorflow/ops/diag.html
tensorflow::ops::DiagPart,https://www.tensorflow.org/api_docs/cc/class/tensorflow/ops/diag-part.html
tensorflow::ops::EditDistance,https://www.tensorflow.org/api_docs/cc/class/tensorflow/ops/edit-distance.html
tensorflow::ops::Empty,https://www.tensorflow.org/api_docs/cc/class/tensorflow/ops/empty.html
tensorflow::ops::EnsureShape,https://www.tensorflow.org/api_docs/cc/class/tensorflow/ops/ensure-shape.html
tensorflow::ops::ExpandDims,https://www.tensorflow.org/api_docs/cc/class/tensorflow/ops/expand-dims.html
tensorflow::ops::ExtractImagePatches,https://www.tensorflow.org/api_docs/cc/class/tensorflow/ops/extract-image-patches.html
tensorflow::ops::ExtractVolumePatches,https://www.tensorflow.org/api_docs/cc/class/tensorflow/ops/extract-volume-patches.html
tensorflow::ops::FakeQuantWithMinMaxArgs,https://www.tensorflow.org/api_docs/cc/class/tensorflow/ops/fake-quant-with-min-max-args.html
tensorflow::ops::FakeQuantWithMinMaxArgsGradient,https://www.tensorflow.org/api_docs/cc/class/tensorflow/ops/fake-quant-with-min-max-args-gradient.html
tensorflow::ops::FakeQuantWithMinMaxVars,https://www.tensorflow.org/api_docs/cc/class/tensorflow/ops/fake-quant-with-min-max-vars.html
tensorflow::ops::FakeQuantWithMinMaxVarsGradient,https://www.tensorflow.org/api_docs/cc/class/tensorflow/ops/fake-quant-with-min-max-vars-gradient.html
tensorflow::ops::FakeQuantWithMinMaxVarsPerChannel,https://www.tensorflow.org/api_docs/cc/class/tensorflow/ops/fake-quant-with-min-max-vars-per-channel.html
tensorflow::ops::FakeQuantWithMinMaxVarsPerChannelGradient,https://www.tensorflow.org/api_docs/cc/class/tensorflow/ops/fake-quant-with-min-max-vars-per-channel-gradient.html
tensorflow::ops::Fill,https://www.tensorflow.org/api_docs/cc/class/tensorflow/ops/fill.html
tensorflow::ops::Fingerprint,https://www.tensorflow.org/api_docs/cc/class/tensorflow/ops/fingerprint.html
tensorflow::ops::Gather,https://www.tensorflow.org/api_docs/cc/class/tensorflow/ops/gather.html
tensorflow::ops::GatherNd,https://www.tensorflow.org/api_docs/cc/class/tensorflow/ops/gather-nd.html
tensorflow::ops::GatherV2,https://www.tensorflow.org/api_docs/cc/class/tensorflow/ops/gather-v2.html
tensorflow::ops::GuaranteeConst,https://www.tensorflow.org/api_docs/cc/class/tensorflow/ops/guarantee-const.html
tensorflow::ops::Identity,https://www.tensorflow.org/api_docs/cc/class/tensorflow/ops/identity.html
tensorflow::ops::IdentityN,https://www.tensorflow.org/api_docs/cc/class/tensorflow/ops/identity-n.html
tensorflow::ops::ImmutableConst,https://www.tensorflow.org/api_docs/cc/class/tensorflow/ops/immutable-const.html
tensorflow::ops::InplaceAdd,https://www.tensorflow.org/api_docs/cc/class/tensorflow/ops/inplace-add.html
tensorflow::ops::InplaceSub,https://www.tensorflow.org/api_docs/cc/class/tensorflow/ops/inplace-sub.html
tensorflow::ops::InplaceUpdate,https://www.tensorflow.org/api_docs/cc/class/tensorflow/ops/inplace-update.html
tensorflow::ops::InvertPermutation,https://www.tensorflow.org/api_docs/cc/class/tensorflow/ops/invert-permutation.html
tensorflow::ops::MatrixBandPart,https://www.tensorflow.org/api_docs/cc/class/tensorflow/ops/matrix-band-part.html
tensorflow::ops::MatrixDiag,https://www.tensorflow.org/api_docs/cc/class/tensorflow/ops/matrix-diag.html
tensorflow::ops::MatrixDiagPart,https://www.tensorflow.org/api_docs/cc/class/tensorflow/ops/matrix-diag-part.html
tensorflow::ops::MatrixDiagPartV2,https://www.tensorflow.org/api_docs/cc/class/tensorflow/ops/matrix-diag-part-v2.html
tensorflow::ops::MatrixDiagV2,https://www.tensorflow.org/api_docs/cc/class/tensorflow/ops/matrix-diag-v2.html
tensorflow::ops::MatrixSetDiag,https://www.tensorflow.org/api_docs/cc/class/tensorflow/ops/matrix-set-diag.html
tensorflow::ops::MatrixSetDiagV2,https://www.tensorflow.org/api_docs/cc/class/tensorflow/ops/matrix-set-diag-v2.html
tensorflow::ops::MirrorPad,https://www.tensorflow.org/api_docs/cc/class/tensorflow/ops/mirror-pad.html
tensorflow::ops::OneHot,https://www.tensorflow.org/api_docs/cc/class/tensorflow/ops/one-hot.html
tensorflow::ops::OnesLike,https://www.tensorflow.org/api_docs/cc/class/tensorflow/ops/ones-like.html
tensorflow::ops::Pad,https://www.tensorflow.org/api_docs/cc/class/tensorflow/ops/pad.html
tensorflow::ops::PadV2,https://www.tensorflow.org/api_docs/cc/class/tensorflow/ops/pad-v2.html
tensorflow::ops::ParallelConcat,https://www.tensorflow.org/api_docs/cc/class/tensorflow/ops/parallel-concat.html
tensorflow::ops::Placeholder,https://www.tensorflow.org/api_docs/cc/class/tensorflow/ops/placeholder.html
tensorflow::ops::PlaceholderWithDefault,https://www.tensorflow.org/api_docs/cc/class/tensorflow/ops/placeholder-with-default.html
tensorflow::ops::PreventGradient,https://www.tensorflow.org/api_docs/cc/class/tensorflow/ops/prevent-gradient.html
tensorflow::ops::QuantizeAndDequantizeV2,https://www.tensorflow.org/api_docs/cc/class/tensorflow/ops/quantize-and-dequantize-v2.html
tensorflow::ops::QuantizeAndDequantizeV3,https://www.tensorflow.org/api_docs/cc/class/tensorflow/ops/quantize-and-dequantize-v3.html
tensorflow::ops::QuantizeV2,https://www.tensorflow.org/api_docs/cc/class/tensorflow/ops/quantize-v2.html
tensorflow::ops::QuantizedConcat,https://www.tensorflow.org/api_docs/cc/class/tensorflow/ops/quantized-concat.html
tensorflow::ops::QuantizedInstanceNorm,https://www.tensorflow.org/api_docs/cc/class/tensorflow/ops/quantized-instance-norm.html
tensorflow::ops::SetDiff1D,https://www.tensorflow.org/api_docs/cc/class/tensorflow/ops/set-diff1-d.html
tensorflow::ops::Stack,https://www.tensorflow.org/api_docs/cc/class/tensorflow/ops/stack.html
tensorflow::ops::Where,https://www.tensorflow.org/api_docs/cc/class/tensorflow/ops/where.html
tensorflow::ops::ZerosLike,https://www.tensorflow.org/api_docs/cc/class/tensorflow/ops/zeros-like.html
tensorflow::ops::AllCandidateSampler,https://www.tensorflow.org/api_docs/cc/class/tensorflow/ops/all-candidate-sampler.html
tensorflow::ops::ComputeAccidentalHits,https://www.tensorflow.org/api_docs/cc/class/tensorflow/ops/compute-accidental-hits.html
tensorflow::ops::FixedUnigramCandidateSampler,https://www.tensorflow.org/api_docs/cc/class/tensorflow/ops/fixed-unigram-candidate-sampler.html
tensorflow::ops::LearnedUnigramCandidateSampler,https://www.tensorflow.org/api_docs/cc/class/tensorflow/ops/learned-unigram-candidate-sampler.html
tensorflow::ops::LogUniformCandidateSampler,https://www.tensorflow.org/api_docs/cc/class/tensorflow/ops/log-uniform-candidate-sampler.html
tensorflow::ops::UniformCandidateSampler,https://www.tensorflow.org/api_docs/cc/class/tensorflow/ops/uniform-candidate-sampler.html
tensorflow::ops::Abort,https://www.tensorflow.org/api_docs/cc/class/tensorflow/ops/abort.html
tensorflow::ops::ControlTrigger,https://www.tensorflow.org/api_docs/cc/class/tensorflow/ops/control-trigger.html
tensorflow::ops::LoopCond,https://www.tensorflow.org/api_docs/cc/class/tensorflow/ops/loop-cond.html
tensorflow::ops::Merge,https://www.tensorflow.org/api_docs/cc/class/tensorflow/ops/merge.html
tensorflow::ops::NextIteration,https://www.tensorflow.org/api_docs/cc/class/tensorflow/ops/next-iteration.html
tensorflow::ops::RefNextIteration,https://www.tensorflow.org/api_docs/cc/class/tensorflow/ops/ref-next-iteration.html
tensorflow::ops::RefSelect,https://www.tensorflow.org/api_docs/cc/class/tensorflow/ops/ref-select.html
tensorflow::ops::RefSwitch,https://www.tensorflow.org/api_docs/cc/class/tensorflow/ops/ref-switch.html
tensorflow::ops::Switch,https://www.tensorflow.org/api_docs/cc/class/tensorflow/ops/switch.html
tensorflow::ClientSession,https://www.tensorflow.org/api_docs/cc/class/tensorflow/client-session.html
tensorflow::Input,https://www.tensorflow.org/api_docs/cc/class/tensorflow/input.html
tensorflow::InputList,https://www.tensorflow.org/api_docs/cc/class/tensorflow/input-list.html
tensorflow::Operation,https://www.tensorflow.org/api_docs/cc/class/tensorflow/operation.html
tensorflow::Output,https://www.tensorflow.org/api_docs/cc/class/tensorflow/output.html
tensorflow::Scope,https://www.tensorflow.org/api_docs/cc/class/tensorflow/scope.html
tensorflow::Status,https://www.tensorflow.org/api_docs/cc/class/tensorflow/status.html
tensorflow::Tensor,https://www.tensorflow.org/api_docs/cc/class/tensorflow/tensor.html
tensorflow::ops::AccumulatorApplyGradient,https://www.tensorflow.org/api_docs/cc/class/tensorflow/ops/accumulator-apply-gradient.html
tensorflow::ops::AccumulatorNumAccumulated,https://www.tensorflow.org/api_docs/cc/class/tensorflow/ops/accumulator-num-accumulated.html
tensorflow::ops::AccumulatorSetGlobalStep,https://www.tensorflow.org/api_docs/cc/class/tensorflow/ops/accumulator-set-global-step.html
tensorflow::ops::AccumulatorTakeGradient,https://www.tensorflow.org/api_docs/cc/class/tensorflow/ops/accumulator-take-gradient.html
tensorflow::ops::Barrier,https://www.tensorflow.org/api_docs/cc/class/tensorflow/ops/barrier.html
tensorflow::ops::BarrierClose,https://www.tensorflow.org/api_docs/cc/class/tensorflow/ops/barrier-close.html
tensorflow::ops::BarrierIncompleteSize,https://www.tensorflow.org/api_docs/cc/class/tensorflow/ops/barrier-incomplete-size.html
tensorflow::ops::BarrierInsertMany,https://www.tensorflow.org/api_docs/cc/class/tensorflow/ops/barrier-insert-many.html
tensorflow::ops::BarrierReadySize,https://www.tensorflow.org/api_docs/cc/class/tensorflow/ops/barrier-ready-size.html
tensorflow::ops::BarrierTakeMany,https://www.tensorflow.org/api_docs/cc/class/tensorflow/ops/barrier-take-many.html
tensorflow::ops::ConditionalAccumulator,https://www.tensorflow.org/api_docs/cc/class/tensorflow/ops/conditional-accumulator.html
tensorflow::ops::DeleteSessionTensor,https://www.tensorflow.org/api_docs/cc/class/tensorflow/ops/delete-session-tensor.html
tensorflow::ops::DynamicPartition,https://www.tensorflow.org/api_docs/cc/class/tensorflow/ops/dynamic-partition.html
tensorflow::ops::DynamicStitch,https://www.tensorflow.org/api_docs/cc/class/tensorflow/ops/dynamic-stitch.html
tensorflow::ops::FIFOQueue,https://www.tensorflow.org/api_docs/cc/class/tensorflow/ops/f-i-f-o-queue.html
tensorflow::ops::GetSessionHandle,https://www.tensorflow.org/api_docs/cc/class/tensorflow/ops/get-session-handle.html
tensorflow::ops::GetSessionHandleV2,https://www.tensorflow.org/api_docs/cc/class/tensorflow/ops/get-session-handle-v2.html
tensorflow::ops::GetSessionTensor,https://www.tensorflow.org/api_docs/cc/class/tensorflow/ops/get-session-tensor.html
tensorflow::ops::MapClear,https://www.tensorflow.org/api_docs/cc/class/tensorflow/ops/map-clear.html
tensorflow::ops::MapIncompleteSize,https://www.tensorflow.org/api_docs/cc/class/tensorflow/ops/map-incomplete-size.html
tensorflow::ops::MapPeek,https://www.tensorflow.org/api_docs/cc/class/tensorflow/ops/map-peek.html
tensorflow::ops::MapSize,https://www.tensorflow.org/api_docs/cc/class/tensorflow/ops/map-size.html
tensorflow::ops::MapStage,https://www.tensorflow.org/api_docs/cc/class/tensorflow/ops/map-stage.html
tensorflow::ops::MapUnstage,https://www.tensorflow.org/api_docs/cc/class/tensorflow/ops/map-unstage.html
tensorflow::ops::MapUnstageNoKey,https://www.tensorflow.org/api_docs/cc/class/tensorflow/ops/map-unstage-no-key.html
tensorflow::ops::OrderedMapClear,https://www.tensorflow.org/api_docs/cc/class/tensorflow/ops/ordered-map-clear.html
tensorflow::ops::OrderedMapIncompleteSize,https://www.tensorflow.org/api_docs/cc/class/tensorflow/ops/ordered-map-incomplete-size.html
tensorflow::ops::OrderedMapPeek,https://www.tensorflow.org/api_docs/cc/class/tensorflow/ops/ordered-map-peek.html
tensorflow::ops::OrderedMapSize,https://www.tensorflow.org/api_docs/cc/class/tensorflow/ops/ordered-map-size.html
tensorflow::ops::OrderedMapStage,https://www.tensorflow.org/api_docs/cc/class/tensorflow/ops/ordered-map-stage.html
tensorflow::ops::OrderedMapUnstage,https://www.tensorflow.org/api_docs/cc/class/tensorflow/ops/ordered-map-unstage.html
tensorflow::ops::OrderedMapUnstageNoKey,https://www.tensorflow.org/api_docs/cc/class/tensorflow/ops/ordered-map-unstage-no-key.html
tensorflow::ops::PaddingFIFOQueue,https://www.tensorflow.org/api_docs/cc/class/tensorflow/ops/padding-f-i-f-o-queue.html
tensorflow::ops::ParallelDynamicStitch,https://www.tensorflow.org/api_docs/cc/class/tensorflow/ops/parallel-dynamic-stitch.html
tensorflow::ops::PriorityQueue,https://www.tensorflow.org/api_docs/cc/class/tensorflow/ops/priority-queue.html
tensorflow::ops::QueueClose,https://www.tensorflow.org/api_docs/cc/class/tensorflow/ops/queue-close.html
tensorflow::ops::QueueDequeue,https://www.tensorflow.org/api_docs/cc/class/tensorflow/ops/queue-dequeue.html
tensorflow::ops::QueueDequeueMany,https://www.tensorflow.org/api_docs/cc/class/tensorflow/ops/queue-dequeue-many.html
tensorflow::ops::QueueDequeueUpTo,https://www.tensorflow.org/api_docs/cc/class/tensorflow/ops/queue-dequeue-up-to.html
tensorflow::ops::QueueEnqueue,https://www.tensorflow.org/api_docs/cc/class/tensorflow/ops/queue-enqueue.html
tensorflow::ops::QueueEnqueueMany,https://www.tensorflow.org/api_docs/cc/class/tensorflow/ops/queue-enqueue-many.html
tensorflow::ops::QueueIsClosed,https://www.tensorflow.org/api_docs/cc/class/tensorflow/ops/queue-is-closed.html
tensorflow::ops::QueueIsClosedV2,https://www.tensorflow.org/api_docs/cc/class/tensorflow/ops/queue-is-closed-v2.html
tensorflow::ops::QueueSize,https://www.tensorflow.org/api_docs/cc/class/tensorflow/ops/queue-size.html
tensorflow::ops::RandomShuffleQueue,https://www.tensorflow.org/api_docs/cc/class/tensorflow/ops/random-shuffle-queue.html
tensorflow::ops::RecordInput,https://www.tensorflow.org/api_docs/cc/class/tensorflow/ops/record-input.html
tensorflow::ops::SparseAccumulatorApplyGradient,https://www.tensorflow.org/api_docs/cc/class/tensorflow/ops/sparse-accumulator-apply-gradient.html
tensorflow::ops::SparseAccumulatorTakeGradient,https://www.tensorflow.org/api_docs/cc/class/tensorflow/ops/sparse-accumulator-take-gradient.html
tensorflow::ops::SparseConditionalAccumulator,https://www.tensorflow.org/api_docs/cc/class/tensorflow/ops/sparse-conditional-accumulator.html
tensorflow::ops::Stage,https://www.tensorflow.org/api_docs/cc/class/tensorflow/ops/stage.html
tensorflow::ops::StageClear,https://www.tensorflow.org/api_docs/cc/class/tensorflow/ops/stage-clear.html
tensorflow::ops::StagePeek,https://www.tensorflow.org/api_docs/cc/class/tensorflow/ops/stage-peek.html
tensorflow::ops::StageSize,https://www.tensorflow.org/api_docs/cc/class/tensorflow/ops/stage-size.html
tensorflow::ops::TensorArray,https://www.tensorflow.org/api_docs/cc/class/tensorflow/ops/tensor-array.html
tensorflow::ops::TensorArrayClose,https://www.tensorflow.org/api_docs/cc/class/tensorflow/ops/tensor-array-close.html
tensorflow::ops::TensorArrayConcat,https://www.tensorflow.org/api_docs/cc/class/tensorflow/ops/tensor-array-concat.html
tensorflow::ops::TensorArrayGather,https://www.tensorflow.org/api_docs/cc/class/tensorflow/ops/tensor-array-gather.html
tensorflow::ops::TensorArrayGrad,https://www.tensorflow.org/api_docs/cc/class/tensorflow/ops/tensor-array-grad.html
tensorflow::ops::TensorArrayGradWithShape,https://www.tensorflow.org/api_docs/cc/class/tensorflow/ops/tensor-array-grad-with-shape.html
tensorflow::ops::TensorArrayRead,https://www.tensorflow.org/api_docs/cc/class/tensorflow/ops/tensor-array-read.html
tensorflow::ops::TensorArrayScatter,https://www.tensorflow.org/api_docs/cc/class/tensorflow/ops/tensor-array-scatter.html
tensorflow::ops::TensorArraySize,https://www.tensorflow.org/api_docs/cc/class/tensorflow/ops/tensor-array-size.html
tensorflow::ops::TensorArraySplit,https://www.tensorflow.org/api_docs/cc/class/tensorflow/ops/tensor-array-split.html
tensorflow::ops::TensorArrayWrite,https://www.tensorflow.org/api_docs/cc/class/tensorflow/ops/tensor-array-write.html
tensorflow::ops::Unstage,https://www.tensorflow.org/api_docs/cc/class/tensorflow/ops/unstage.html
tensorflow::ops::AdjustContrast,https://www.tensorflow.org/api_docs/cc/class/tensorflow/ops/adjust-contrast.html
tensorflow::ops::AdjustHue,https://www.tensorflow.org/api_docs/cc/class/tensorflow/ops/adjust-hue.html
tensorflow::ops::AdjustSaturation,https://www.tensorflow.org/api_docs/cc/class/tensorflow/ops/adjust-saturation.html
tensorflow::ops::CombinedNonMaxSuppression,https://www.tensorflow.org/api_docs/cc/class/tensorflow/ops/combined-non-max-suppression.html
tensorflow::ops::CropAndResize,https://www.tensorflow.org/api_docs/cc/class/tensorflow/ops/crop-and-resize.html
tensorflow::ops::CropAndResizeGradBoxes,https://www.tensorflow.org/api_docs/cc/class/tensorflow/ops/crop-and-resize-grad-boxes.html
tensorflow::ops::CropAndResizeGradImage,https://www.tensorflow.org/api_docs/cc/class/tensorflow/ops/crop-and-resize-grad-image.html
tensorflow::ops::DecodeAndCropJpeg,https://www.tensorflow.org/api_docs/cc/class/tensorflow/ops/decode-and-crop-jpeg.html
tensorflow::ops::DecodeBmp,https://www.tensorflow.org/api_docs/cc/class/tensorflow/ops/decode-bmp.html
tensorflow::ops::DecodeGif,https://www.tensorflow.org/api_docs/cc/class/tensorflow/ops/decode-gif.html
tensorflow::ops::DecodeJpeg,https://www.tensorflow.org/api_docs/cc/class/tensorflow/ops/decode-jpeg.html
tensorflow::ops::DecodePng,https://www.tensorflow.org/api_docs/cc/class/tensorflow/ops/decode-png.html
tensorflow::ops::DrawBoundingBoxes,https://www.tensorflow.org/api_docs/cc/class/tensorflow/ops/draw-bounding-boxes.html
tensorflow::ops::DrawBoundingBoxesV2,https://www.tensorflow.org/api_docs/cc/class/tensorflow/ops/draw-bounding-boxes-v2.html
tensorflow::ops::EncodeJpeg,https://www.tensorflow.org/api_docs/cc/class/tensorflow/ops/encode-jpeg.html
tensorflow::ops::EncodeJpegVariableQuality,https://www.tensorflow.org/api_docs/cc/class/tensorflow/ops/encode-jpeg-variable-quality.html
tensorflow::ops::EncodePng,https://www.tensorflow.org/api_docs/cc/class/tensorflow/ops/encode-png.html
tensorflow::ops::ExtractGlimpse,https://www.tensorflow.org/api_docs/cc/class/tensorflow/ops/extract-glimpse.html
tensorflow::ops::ExtractJpegShape,https://www.tensorflow.org/api_docs/cc/class/tensorflow/ops/extract-jpeg-shape.html
tensorflow::ops::HSVToRGB,https://www.tensorflow.org/api_docs/cc/class/tensorflow/ops/h-s-v-to-r-g-b.html
tensorflow::ops::NonMaxSuppression,https://www.tensorflow.org/api_docs/cc/class/tensorflow/ops/non-max-suppression.html
tensorflow::ops::NonMaxSuppressionV2,https://www.tensorflow.org/api_docs/cc/class/tensorflow/ops/non-max-suppression-v2.html
tensorflow::ops::NonMaxSuppressionV3,https://www.tensorflow.org/api_docs/cc/class/tensorflow/ops/non-max-suppression-v3.html
tensorflow::ops::NonMaxSuppressionV4,https://www.tensorflow.org/api_docs/cc/class/tensorflow/ops/non-max-suppression-v4.html
tensorflow::ops::NonMaxSuppressionV5,https://www.tensorflow.org/api_docs/cc/class/tensorflow/ops/non-max-suppression-v5.html
tensorflow::ops::NonMaxSuppressionWithOverlaps,https://www.tensorflow.org/api_docs/cc/class/tensorflow/ops/non-max-suppression-with-overlaps.html
tensorflow::ops::QuantizedResizeBilinear,https://www.tensorflow.org/api_docs/cc/class/tensorflow/ops/quantized-resize-bilinear.html
tensorflow::ops::RGBToHSV,https://www.tensorflow.org/api_docs/cc/class/tensorflow/ops/r-g-b-to-h-s-v.html
tensorflow::ops::ResizeArea,https://www.tensorflow.org/api_docs/cc/class/tensorflow/ops/resize-area.html
tensorflow::ops::ResizeBicubic,https://www.tensorflow.org/api_docs/cc/class/tensorflow/ops/resize-bicubic.html
tensorflow::ops::ResizeBilinear,https://www.tensorflow.org/api_docs/cc/class/tensorflow/ops/resize-bilinear.html
tensorflow::ops::ResizeNearestNeighbor,https://www.tensorflow.org/api_docs/cc/class/tensorflow/ops/resize-nearest-neighbor.html
tensorflow::ops::SampleDistortedBoundingBox,https://www.tensorflow.org/api_docs/cc/class/tensorflow/ops/sample-distorted-bounding-box.html
tensorflow::ops::SampleDistortedBoundingBoxV2,https://www.tensorflow.org/api_docs/cc/class/tensorflow/ops/sample-distorted-bounding-box-v2.html
tensorflow::ops::ScaleAndTranslate,https://www.tensorflow.org/api_docs/cc/class/tensorflow/ops/scale-and-translate.html
tensorflow::ops::FixedLengthRecordReader,https://www.tensorflow.org/api_docs/cc/class/tensorflow/ops/fixed-length-record-reader.html
tensorflow::ops::IdentityReader,https://www.tensorflow.org/api_docs/cc/class/tensorflow/ops/identity-reader.html
tensorflow::ops::LMDBReader,https://www.tensorflow.org/api_docs/cc/class/tensorflow/ops/l-m-d-b-reader.html
tensorflow::ops::MatchingFiles,https://www.tensorflow.org/api_docs/cc/class/tensorflow/ops/matching-files.html
tensorflow::ops::MergeV2Checkpoints,https://www.tensorflow.org/api_docs/cc/class/tensorflow/ops/merge-v2-checkpoints.html
tensorflow::ops::ReadFile,https://www.tensorflow.org/api_docs/cc/class/tensorflow/ops/read-file.html
tensorflow::ops::ReaderNumRecordsProduced,https://www.tensorflow.org/api_docs/cc/class/tensorflow/ops/reader-num-records-produced.html
tensorflow::ops::ReaderNumWorkUnitsCompleted,https://www.tensorflow.org/api_docs/cc/class/tensorflow/ops/reader-num-work-units-completed.html
tensorflow::ops::ReaderRead,https://www.tensorflow.org/api_docs/cc/class/tensorflow/ops/reader-read.html
tensorflow::ops::ReaderReadUpTo,https://www.tensorflow.org/api_docs/cc/class/tensorflow/ops/reader-read-up-to.html
tensorflow::ops::ReaderReset,https://www.tensorflow.org/api_docs/cc/class/tensorflow/ops/reader-reset.html
tensorflow::ops::ReaderRestoreState,https://www.tensorflow.org/api_docs/cc/class/tensorflow/ops/reader-restore-state.html
tensorflow::ops::ReaderSerializeState,https://www.tensorflow.org/api_docs/cc/class/tensorflow/ops/reader-serialize-state.html
tensorflow::ops::Restore,https://www.tensorflow.org/api_docs/cc/class/tensorflow/ops/restore.html
tensorflow::ops::RestoreSlice,https://www.tensorflow.org/api_docs/cc/class/tensorflow/ops/restore-slice.html
tensorflow::ops::RestoreV2,https://www.tensorflow.org/api_docs/cc/class/tensorflow/ops/restore-v2.html
tensorflow::ops::Save,https://www.tensorflow.org/api_docs/cc/class/tensorflow/ops/save.html
tensorflow::ops::SaveSlices,https://www.tensorflow.org/api_docs/cc/class/tensorflow/ops/save-slices.html
tensorflow::ops::SaveV2,https://www.tensorflow.org/api_docs/cc/class/tensorflow/ops/save-v2.html
tensorflow::ops::ShardedFilename,https://www.tensorflow.org/api_docs/cc/class/tensorflow/ops/sharded-filename.html
tensorflow::ops::ShardedFilespec,https://www.tensorflow.org/api_docs/cc/class/tensorflow/ops/sharded-filespec.html
tensorflow::ops::TFRecordReader,https://www.tensorflow.org/api_docs/cc/class/tensorflow/ops/t-f-record-reader.html
tensorflow::ops::TextLineReader,https://www.tensorflow.org/api_docs/cc/class/tensorflow/ops/text-line-reader.html
tensorflow::ops::WholeFileReader,https://www.tensorflow.org/api_docs/cc/class/tensorflow/ops/whole-file-reader.html
tensorflow::ops::WriteFile,https://www.tensorflow.org/api_docs/cc/class/tensorflow/ops/write-file.html
tensorflow::ops::Assert,https://www.tensorflow.org/api_docs/cc/class/tensorflow/ops/assert.html
tensorflow::ops::HistogramSummary,https://www.tensorflow.org/api_docs/cc/class/tensorflow/ops/histogram-summary.html
tensorflow::ops::MergeSummary,https://www.tensorflow.org/api_docs/cc/class/tensorflow/ops/merge-summary.html
tensorflow::ops::Print,https://www.tensorflow.org/api_docs/cc/class/tensorflow/ops/print.html
tensorflow::ops::PrintV2,https://www.tensorflow.org/api_docs/cc/class/tensorflow/ops/print-v2.html
tensorflow::ops::ScalarSummary,https://www.tensorflow.org/api_docs/cc/class/tensorflow/ops/scalar-summary.html
tensorflow::ops::TensorSummary,https://www.tensorflow.org/api_docs/cc/class/tensorflow/ops/tensor-summary.html
tensorflow::ops::TensorSummaryV2,https://www.tensorflow.org/api_docs/cc/class/tensorflow/ops/tensor-summary-v2.html
tensorflow::ops::Timestamp,https://www.tensorflow.org/api_docs/cc/class/tensorflow/ops/timestamp.html
tensorflow::ops::Abs,https://www.tensorflow.org/api_docs/cc/class/tensorflow/ops/abs.html
tensorflow::ops::AccumulateNV2,https://www.tensorflow.org/api_docs/cc/class/tensorflow/ops/accumulate-n-v2.html
tensorflow::ops::Acos,https://www.tensorflow.org/api_docs/cc/class/tensorflow/ops/acos.html
tensorflow::ops::Acosh,https://www.tensorflow.org/api_docs/cc/class/tensorflow/ops/acosh.html
tensorflow::ops::Add,https://www.tensorflow.org/api_docs/cc/class/tensorflow/ops/add.html
tensorflow::ops::AddN,https://www.tensorflow.org/api_docs/cc/class/tensorflow/ops/add-n.html
tensorflow::ops::AddV2,https://www.tensorflow.org/api_docs/cc/class/tensorflow/ops/add-v2.html
tensorflow::ops::All,https://www.tensorflow.org/api_docs/cc/class/tensorflow/ops/all.html
tensorflow::ops::Angle,https://www.tensorflow.org/api_docs/cc/class/tensorflow/ops/angle.html
tensorflow::ops::Any,https://www.tensorflow.org/api_docs/cc/class/tensorflow/ops/any.html
tensorflow::ops::ApproximateEqual,https://www.tensorflow.org/api_docs/cc/class/tensorflow/ops/approximate-equal.html
tensorflow::ops::ArgMax,https://www.tensorflow.org/api_docs/cc/class/tensorflow/ops/arg-max.html
tensorflow::ops::ArgMin,https://www.tensorflow.org/api_docs/cc/class/tensorflow/ops/arg-min.html
tensorflow::ops::Asin,https://www.tensorflow.org/api_docs/cc/class/tensorflow/ops/asin.html
tensorflow::ops::Asinh,https://www.tensorflow.org/api_docs/cc/class/tensorflow/ops/asinh.html
tensorflow::ops::Atan,https://www.tensorflow.org/api_docs/cc/class/tensorflow/ops/atan.html
tensorflow::ops::Atan2,https://www.tensorflow.org/api_docs/cc/class/tensorflow/ops/atan2.html
tensorflow::ops::Atanh,https://www.tensorflow.org/api_docs/cc/class/tensorflow/ops/atanh.html
tensorflow::ops::BatchMatMul,https://www.tensorflow.org/api_docs/cc/class/tensorflow/ops/batch-mat-mul.html
tensorflow::ops::BatchMatMulV2,https://www.tensorflow.org/api_docs/cc/class/tensorflow/ops/batch-mat-mul-v2.html
tensorflow::ops::BesselI0e,https://www.tensorflow.org/api_docs/cc/class/tensorflow/ops/bessel-i0e.html
tensorflow::ops::BesselI1e,https://www.tensorflow.org/api_docs/cc/class/tensorflow/ops/bessel-i1e.html
tensorflow::ops::Betainc,https://www.tensorflow.org/api_docs/cc/class/tensorflow/ops/betainc.html
tensorflow::ops::Bincount,https://www.tensorflow.org/api_docs/cc/class/tensorflow/ops/bincount.html
tensorflow::ops::Bucketize,https://www.tensorflow.org/api_docs/cc/class/tensorflow/ops/bucketize.html
tensorflow::ops::Cast,https://www.tensorflow.org/api_docs/cc/class/tensorflow/ops/cast.html
tensorflow::ops::Ceil,https://www.tensorflow.org/api_docs/cc/class/tensorflow/ops/ceil.html
tensorflow::ops::ClipByValue,https://www.tensorflow.org/api_docs/cc/class/tensorflow/ops/clip-by-value.html
tensorflow::ops::CompareAndBitpack,https://www.tensorflow.org/api_docs/cc/class/tensorflow/ops/compare-and-bitpack.html
tensorflow::ops::Complex,https://www.tensorflow.org/api_docs/cc/class/tensorflow/ops/complex.html
tensorflow::ops::ComplexAbs,https://www.tensorflow.org/api_docs/cc/class/tensorflow/ops/complex-abs.html
tensorflow::ops::Conj,https://www.tensorflow.org/api_docs/cc/class/tensorflow/ops/conj.html
tensorflow::ops::Cos,https://www.tensorflow.org/api_docs/cc/class/tensorflow/ops/cos.html
tensorflow::ops::Cosh,https://www.tensorflow.org/api_docs/cc/class/tensorflow/ops/cosh.html
tensorflow::ops::Cross,https://www.tensorflow.org/api_docs/cc/class/tensorflow/ops/cross.html
tensorflow::ops::Cumprod,https://www.tensorflow.org/api_docs/cc/class/tensorflow/ops/cumprod.html
tensorflow::ops::Cumsum,https://www.tensorflow.org/api_docs/cc/class/tensorflow/ops/cumsum.html
tensorflow::ops::Digamma,https://www.tensorflow.org/api_docs/cc/class/tensorflow/ops/digamma.html
tensorflow::ops::Div,https://www.tensorflow.org/api_docs/cc/class/tensorflow/ops/div.html
tensorflow::ops::DivNoNan,https://www.tensorflow.org/api_docs/cc/class/tensorflow/ops/div-no-nan.html
tensorflow::ops::Equal,https://www.tensorflow.org/api_docs/cc/class/tensorflow/ops/equal.html
tensorflow::ops::Erf,https://www.tensorflow.org/api_docs/cc/class/tensorflow/ops/erf.html
tensorflow::ops::Erfc,https://www.tensorflow.org/api_docs/cc/class/tensorflow/ops/erfc.html
tensorflow::ops::EuclideanNorm,https://www.tensorflow.org/api_docs/cc/class/tensorflow/ops/euclidean-norm.html
tensorflow::ops::Exp,https://www.tensorflow.org/api_docs/cc/class/tensorflow/ops/exp.html
tensorflow::ops::Expm1,https://www.tensorflow.org/api_docs/cc/class/tensorflow/ops/expm1.html
tensorflow::ops::Floor,https://www.tensorflow.org/api_docs/cc/class/tensorflow/ops/floor.html
tensorflow::ops::FloorDiv,https://www.tensorflow.org/api_docs/cc/class/tensorflow/ops/floor-div.html
tensorflow::ops::FloorMod,https://www.tensorflow.org/api_docs/cc/class/tensorflow/ops/floor-mod.html
tensorflow::ops::Greater,https://www.tensorflow.org/api_docs/cc/class/tensorflow/ops/greater.html
tensorflow::ops::GreaterEqual,https://www.tensorflow.org/api_docs/cc/class/tensorflow/ops/greater-equal.html
tensorflow::ops::HistogramFixedWidth,https://www.tensorflow.org/api_docs/cc/class/tensorflow/ops/histogram-fixed-width.html
tensorflow::ops::Igamma,https://www.tensorflow.org/api_docs/cc/class/tensorflow/ops/igamma.html
tensorflow::ops::Igammac,https://www.tensorflow.org/api_docs/cc/class/tensorflow/ops/igammac.html
tensorflow::ops::Imag,https://www.tensorflow.org/api_docs/cc/class/tensorflow/ops/imag.html
tensorflow::ops::Inv,https://www.tensorflow.org/api_docs/cc/class/tensorflow/ops/inv.html
tensorflow::ops::IsFinite,https://www.tensorflow.org/api_docs/cc/class/tensorflow/ops/is-finite.html
tensorflow::ops::IsInf,https://www.tensorflow.org/api_docs/cc/class/tensorflow/ops/is-inf.html
tensorflow::ops::IsNan,https://www.tensorflow.org/api_docs/cc/class/tensorflow/ops/is-nan.html
tensorflow::ops::Less,https://www.tensorflow.org/api_docs/cc/class/tensorflow/ops/less.html
tensorflow::ops::LessEqual,https://www.tensorflow.org/api_docs/cc/class/tensorflow/ops/less-equal.html
tensorflow::ops::Lgamma,https://www.tensorflow.org/api_docs/cc/class/tensorflow/ops/lgamma.html
tensorflow::ops::LinSpace,https://www.tensorflow.org/api_docs/cc/class/tensorflow/ops/lin-space.html
tensorflow::ops::Log,https://www.tensorflow.org/api_docs/cc/class/tensorflow/ops/log.html
tensorflow::ops::Log1p,https://www.tensorflow.org/api_docs/cc/class/tensorflow/ops/log1p.html
tensorflow::ops::LogicalAnd,https://www.tensorflow.org/api_docs/cc/class/tensorflow/ops/logical-and.html
tensorflow::ops::LogicalNot,https://www.tensorflow.org/api_docs/cc/class/tensorflow/ops/logical-not.html
tensorflow::ops::LogicalOr,https://www.tensorflow.org/api_docs/cc/class/tensorflow/ops/logical-or.html
tensorflow::ops::MatMul,https://www.tensorflow.org/api_docs/cc/class/tensorflow/ops/mat-mul.html
tensorflow::ops::Max,https://www.tensorflow.org/api_docs/cc/class/tensorflow/ops/max.html
tensorflow::ops::Maximum,https://www.tensorflow.org/api_docs/cc/class/tensorflow/ops/maximum.html
tensorflow::ops::Mean,https://www.tensorflow.org/api_docs/cc/class/tensorflow/ops/mean.html
tensorflow::ops::Min,https://www.tensorflow.org/api_docs/cc/class/tensorflow/ops/min.html
tensorflow::ops::Minimum,https://www.tensorflow.org/api_docs/cc/class/tensorflow/ops/minimum.html
tensorflow::ops::Mod,https://www.tensorflow.org/api_docs/cc/class/tensorflow/ops/mod.html
tensorflow::ops::MulNoNan,https://www.tensorflow.org/api_docs/cc/class/tensorflow/ops/mul-no-nan.html
tensorflow::ops::Multiply,https://www.tensorflow.org/api_docs/cc/class/tensorflow/ops/multiply.html
tensorflow::ops::Negate,https://www.tensorflow.org/api_docs/cc/class/tensorflow/ops/negate.html
tensorflow::ops::NextAfter,https://www.tensorflow.org/api_docs/cc/class/tensorflow/ops/next-after.html
tensorflow::ops::NotEqual,https://www.tensorflow.org/api_docs/cc/class/tensorflow/ops/not-equal.html
tensorflow::ops::Polygamma,https://www.tensorflow.org/api_docs/cc/class/tensorflow/ops/polygamma.html
tensorflow::ops::Pow,https://www.tensorflow.org/api_docs/cc/class/tensorflow/ops/pow.html
tensorflow::ops::Prod,https://www.tensorflow.org/api_docs/cc/class/tensorflow/ops/prod.html
tensorflow::ops::QuantizeDownAndShrinkRange,https://www.tensorflow.org/api_docs/cc/class/tensorflow/ops/quantize-down-and-shrink-range.html
tensorflow::ops::QuantizedAdd,https://www.tensorflow.org/api_docs/cc/class/tensorflow/ops/quantized-add.html
tensorflow::ops::QuantizedMatMul,https://www.tensorflow.org/api_docs/cc/class/tensorflow/ops/quantized-mat-mul.html
tensorflow::ops::QuantizedMul,https://www.tensorflow.org/api_docs/cc/class/tensorflow/ops/quantized-mul.html
tensorflow::ops::Range,https://www.tensorflow.org/api_docs/cc/class/tensorflow/ops/range.html
tensorflow::ops::Real,https://www.tensorflow.org/api_docs/cc/class/tensorflow/ops/real.html
tensorflow::ops::RealDiv,https://www.tensorflow.org/api_docs/cc/class/tensorflow/ops/real-div.html
tensorflow::ops::Reciprocal,https://www.tensorflow.org/api_docs/cc/class/tensorflow/ops/reciprocal.html
tensorflow::ops::RequantizationRange,https://www.tensorflow.org/api_docs/cc/class/tensorflow/ops/requantization-range.html
tensorflow::ops::Requantize,https://www.tensorflow.org/api_docs/cc/class/tensorflow/ops/requantize.html
tensorflow::ops::Rint,https://www.tensorflow.org/api_docs/cc/class/tensorflow/ops/rint.html
tensorflow::ops::Round,https://www.tensorflow.org/api_docs/cc/class/tensorflow/ops/round.html
tensorflow::ops::Rsqrt,https://www.tensorflow.org/api_docs/cc/class/tensorflow/ops/rsqrt.html
tensorflow::ops::SegmentMax,https://www.tensorflow.org/api_docs/cc/class/tensorflow/ops/segment-max.html
tensorflow::ops::SegmentMean,https://www.tensorflow.org/api_docs/cc/class/tensorflow/ops/segment-mean.html
tensorflow::ops::SegmentMin,https://www.tensorflow.org/api_docs/cc/class/tensorflow/ops/segment-min.html
tensorflow::ops::SegmentProd,https://www.tensorflow.org/api_docs/cc/class/tensorflow/ops/segment-prod.html
tensorflow::ops::SegmentSum,https://www.tensorflow.org/api_docs/cc/class/tensorflow/ops/segment-sum.html
tensorflow::ops::SelectV2,https://www.tensorflow.org/api_docs/cc/class/tensorflow/ops/select-v2.html
tensorflow::ops::Sigmoid,https://www.tensorflow.org/api_docs/cc/class/tensorflow/ops/sigmoid.html
tensorflow::ops::Sign,https://www.tensorflow.org/api_docs/cc/class/tensorflow/ops/sign.html
tensorflow::ops::Sin,https://www.tensorflow.org/api_docs/cc/class/tensorflow/ops/sin.html
tensorflow::ops::Sinh,https://www.tensorflow.org/api_docs/cc/class/tensorflow/ops/sinh.html
tensorflow::ops::SparseMatMul,https://www.tensorflow.org/api_docs/cc/class/tensorflow/ops/sparse-mat-mul.html
tensorflow::ops::SparseSegmentMean,https://www.tensorflow.org/api_docs/cc/class/tensorflow/ops/sparse-segment-mean.html
tensorflow::ops::SparseSegmentMeanGrad,https://www.tensorflow.org/api_docs/cc/class/tensorflow/ops/sparse-segment-mean-grad.html
tensorflow::ops::SparseSegmentMeanWithNumSegments,https://www.tensorflow.org/api_docs/cc/class/tensorflow/ops/sparse-segment-mean-with-num-segments.html
tensorflow::ops::SparseSegmentSqrtN,https://www.tensorflow.org/api_docs/cc/class/tensorflow/ops/sparse-segment-sqrt-n.html
tensorflow::ops::SparseSegmentSqrtNGrad,https://www.tensorflow.org/api_docs/cc/class/tensorflow/ops/sparse-segment-sqrt-n-grad.html
tensorflow::ops::SparseSegmentSqrtNWithNumSegments,https://www.tensorflow.org/api_docs/cc/class/tensorflow/ops/sparse-segment-sqrt-n-with-num-segments.html
tensorflow::ops::SparseSegmentSum,https://www.tensorflow.org/api_docs/cc/class/tensorflow/ops/sparse-segment-sum.html
tensorflow::ops::SparseSegmentSumWithNumSegments,https://www.tensorflow.org/api_docs/cc/class/tensorflow/ops/sparse-segment-sum-with-num-segments.html
tensorflow::ops::Sqrt,https://www.tensorflow.org/api_docs/cc/class/tensorflow/ops/sqrt.html
tensorflow::ops::Square,https://www.tensorflow.org/api_docs/cc/class/tensorflow/ops/square.html
tensorflow::ops::SquaredDifference,https://www.tensorflow.org/api_docs/cc/class/tensorflow/ops/squared-difference.html
tensorflow::ops::Subtract,https://www.tensorflow.org/api_docs/cc/class/tensorflow/ops/subtract.html
tensorflow::ops::Sum,https://www.tensorflow.org/api_docs/cc/class/tensorflow/ops/sum.html
tensorflow::ops::Tan,https://www.tensorflow.org/api_docs/cc/class/tensorflow/ops/tan.html
tensorflow::ops::Tanh,https://www.tensorflow.org/api_docs/cc/class/tensorflow/ops/tanh.html
tensorflow::ops::TruncateDiv,https://www.tensorflow.org/api_docs/cc/class/tensorflow/ops/truncate-div.html
tensorflow::ops::TruncateMod,https://www.tensorflow.org/api_docs/cc/class/tensorflow/ops/truncate-mod.html
tensorflow::ops::UnsortedSegmentMax,https://www.tensorflow.org/api_docs/cc/class/tensorflow/ops/unsorted-segment-max.html
tensorflow::ops::UnsortedSegmentMin,https://www.tensorflow.org/api_docs/cc/class/tensorflow/ops/unsorted-segment-min.html
tensorflow::ops::UnsortedSegmentProd,https://www.tensorflow.org/api_docs/cc/class/tensorflow/ops/unsorted-segment-prod.html
tensorflow::ops::UnsortedSegmentSum,https://www.tensorflow.org/api_docs/cc/class/tensorflow/ops/unsorted-segment-sum.html
tensorflow::ops::Where3,https://www.tensorflow.org/api_docs/cc/class/tensorflow/ops/where3.html
tensorflow::ops::Xdivy,https://www.tensorflow.org/api_docs/cc/class/tensorflow/ops/xdivy.html
tensorflow::ops::Xlogy,https://www.tensorflow.org/api_docs/cc/class/tensorflow/ops/xlogy.html
tensorflow::ops::Zeta,https://www.tensorflow.org/api_docs/cc/class/tensorflow/ops/zeta.html
tensorflow::ops::AvgPool,https://www.tensorflow.org/api_docs/cc/class/tensorflow/ops/avg-pool.html
tensorflow::ops::AvgPool3D,https://www.tensorflow.org/api_docs/cc/class/tensorflow/ops/avg-pool3-d.html
tensorflow::ops::AvgPool3DGrad,https://www.tensorflow.org/api_docs/cc/class/tensorflow/ops/avg-pool3-d-grad.html
tensorflow::ops::BiasAdd,https://www.tensorflow.org/api_docs/cc/class/tensorflow/ops/bias-add.html
tensorflow::ops::BiasAddGrad,https://www.tensorflow.org/api_docs/cc/class/tensorflow/ops/bias-add-grad.html
tensorflow::ops::Conv2D,https://www.tensorflow.org/api_docs/cc/class/tensorflow/ops/conv2-d.html
tensorflow::ops::Conv2DBackpropFilter,https://www.tensorflow.org/api_docs/cc/class/tensorflow/ops/conv2-d-backprop-filter.html
tensorflow::ops::Conv2DBackpropInput,https://www.tensorflow.org/api_docs/cc/class/tensorflow/ops/conv2-d-backprop-input.html
tensorflow::ops::Conv3D,https://www.tensorflow.org/api_docs/cc/class/tensorflow/ops/conv3-d.html
tensorflow::ops::Conv3DBackpropFilterV2,https://www.tensorflow.org/api_docs/cc/class/tensorflow/ops/conv3-d-backprop-filter-v2.html
tensorflow::ops::Conv3DBackpropInputV2,https://www.tensorflow.org/api_docs/cc/class/tensorflow/ops/conv3-d-backprop-input-v2.html
tensorflow::ops::DataFormatDimMap,https://www.tensorflow.org/api_docs/cc/class/tensorflow/ops/data-format-dim-map.html
tensorflow::ops::DataFormatVecPermute,https://www.tensorflow.org/api_docs/cc/class/tensorflow/ops/data-format-vec-permute.html
tensorflow::ops::DepthwiseConv2dNative,https://www.tensorflow.org/api_docs/cc/class/tensorflow/ops/depthwise-conv2d-native.html
tensorflow::ops::DepthwiseConv2dNativeBackpropFilter,https://www.tensorflow.org/api_docs/cc/class/tensorflow/ops/depthwise-conv2d-native-backprop-filter.html
tensorflow::ops::DepthwiseConv2dNativeBackpropInput,https://www.tensorflow.org/api_docs/cc/class/tensorflow/ops/depthwise-conv2d-native-backprop-input.html
tensorflow::ops::Dilation2D,https://www.tensorflow.org/api_docs/cc/class/tensorflow/ops/dilation2-d.html
tensorflow::ops::Dilation2DBackpropFilter,https://www.tensorflow.org/api_docs/cc/class/tensorflow/ops/dilation2-d-backprop-filter.html
tensorflow::ops::Dilation2DBackpropInput,https://www.tensorflow.org/api_docs/cc/class/tensorflow/ops/dilation2-d-backprop-input.html
tensorflow::ops::Elu,https://www.tensorflow.org/api_docs/cc/class/tensorflow/ops/elu.html
tensorflow::ops::FractionalAvgPool,https://www.tensorflow.org/api_docs/cc/class/tensorflow/ops/fractional-avg-pool.html
tensorflow::ops::FractionalMaxPool,https://www.tensorflow.org/api_docs/cc/class/tensorflow/ops/fractional-max-pool.html
tensorflow::ops::FusedBatchNorm,https://www.tensorflow.org/api_docs/cc/class/tensorflow/ops/fused-batch-norm.html
tensorflow::ops::FusedBatchNormGrad,https://www.tensorflow.org/api_docs/cc/class/tensorflow/ops/fused-batch-norm-grad.html
tensorflow::ops::FusedBatchNormGradV2,https://www.tensorflow.org/api_docs/cc/class/tensorflow/ops/fused-batch-norm-grad-v2.html
tensorflow::ops::FusedBatchNormGradV3,https://www.tensorflow.org/api_docs/cc/class/tensorflow/ops/fused-batch-norm-grad-v3.html
tensorflow::ops::FusedBatchNormV2,https://www.tensorflow.org/api_docs/cc/class/tensorflow/ops/fused-batch-norm-v2.html
tensorflow::ops::FusedBatchNormV3,https://www.tensorflow.org/api_docs/cc/class/tensorflow/ops/fused-batch-norm-v3.html
tensorflow::ops::FusedPadConv2D,https://www.tensorflow.org/api_docs/cc/class/tensorflow/ops/fused-pad-conv2-d.html
tensorflow::ops::FusedResizeAndPadConv2D,https://www.tensorflow.org/api_docs/cc/class/tensorflow/ops/fused-resize-and-pad-conv2-d.html
tensorflow::ops::InTopK,https://www.tensorflow.org/api_docs/cc/class/tensorflow/ops/in-top-k.html
tensorflow::ops::InTopKV2,https://www.tensorflow.org/api_docs/cc/class/tensorflow/ops/in-top-k-v2.html
tensorflow::ops::L2Loss,https://www.tensorflow.org/api_docs/cc/class/tensorflow/ops/l2-loss.html
tensorflow::ops::LRN,https://www.tensorflow.org/api_docs/cc/class/tensorflow/ops/l-r-n.html
tensorflow::ops::LogSoftmax,https://www.tensorflow.org/api_docs/cc/class/tensorflow/ops/log-softmax.html
tensorflow::ops::MaxPool,https://www.tensorflow.org/api_docs/cc/class/tensorflow/ops/max-pool.html
tensorflow::ops::MaxPool3D,https://www.tensorflow.org/api_docs/cc/class/tensorflow/ops/max-pool3-d.html
tensorflow::ops::MaxPool3DGrad,https://www.tensorflow.org/api_docs/cc/class/tensorflow/ops/max-pool3-d-grad.html
tensorflow::ops::MaxPool3DGradGrad,https://www.tensorflow.org/api_docs/cc/class/tensorflow/ops/max-pool3-d-grad-grad.html
tensorflow::ops::MaxPoolGradGrad,https://www.tensorflow.org/api_docs/cc/class/tensorflow/ops/max-pool-grad-grad.html
tensorflow::ops::MaxPoolGradGradV2,https://www.tensorflow.org/api_docs/cc/class/tensorflow/ops/max-pool-grad-grad-v2.html
tensorflow::ops::MaxPoolGradGradWithArgmax,https://www.tensorflow.org/api_docs/cc/class/tensorflow/ops/max-pool-grad-grad-with-argmax.html
tensorflow::ops::MaxPoolGradV2,https://www.tensorflow.org/api_docs/cc/class/tensorflow/ops/max-pool-grad-v2.html
tensorflow::ops::MaxPoolV2,https://www.tensorflow.org/api_docs/cc/class/tensorflow/ops/max-pool-v2.html
tensorflow::ops::MaxPoolWithArgmax,https://www.tensorflow.org/api_docs/cc/class/tensorflow/ops/max-pool-with-argmax.html
tensorflow::ops::NthElement,https://www.tensorflow.org/api_docs/cc/class/tensorflow/ops/nth-element.html
tensorflow::ops::QuantizedAvgPool,https://www.tensorflow.org/api_docs/cc/class/tensorflow/ops/quantized-avg-pool.html
tensorflow::ops::QuantizedBatchNormWithGlobalNormalization,https://www.tensorflow.org/api_docs/cc/class/tensorflow/ops/quantized-batch-norm-with-global-normalization.html
tensorflow::ops::QuantizedBiasAdd,https://www.tensorflow.org/api_docs/cc/class/tensorflow/ops/quantized-bias-add.html
tensorflow::ops::QuantizedConv2D,https://www.tensorflow.org/api_docs/cc/class/tensorflow/ops/quantized-conv2-d.html
tensorflow::ops::QuantizedMaxPool,https://www.tensorflow.org/api_docs/cc/class/tensorflow/ops/quantized-max-pool.html
tensorflow::ops::QuantizedRelu,https://www.tensorflow.org/api_docs/cc/class/tensorflow/ops/quantized-relu.html
tensorflow::ops::QuantizedRelu6,https://www.tensorflow.org/api_docs/cc/class/tensorflow/ops/quantized-relu6.html
tensorflow::ops::QuantizedReluX,https://www.tensorflow.org/api_docs/cc/class/tensorflow/ops/quantized-relu-x.html
tensorflow::ops::Relu,https://www.tensorflow.org/api_docs/cc/class/tensorflow/ops/relu.html
tensorflow::ops::Relu6,https://www.tensorflow.org/api_docs/cc/class/tensorflow/ops/relu6.html
tensorflow::ops::Selu,https://www.tensorflow.org/api_docs/cc/class/tensorflow/ops/selu.html
tensorflow::ops::Softmax,https://www.tensorflow.org/api_docs/cc/class/tensorflow/ops/softmax.html
tensorflow::ops::SoftmaxCrossEntropyWithLogits,https://www.tensorflow.org/api_docs/cc/class/tensorflow/ops/softmax-cross-entropy-with-logits.html
tensorflow::ops::Softplus,https://www.tensorflow.org/api_docs/cc/class/tensorflow/ops/softplus.html
tensorflow::ops::Softsign,https://www.tensorflow.org/api_docs/cc/class/tensorflow/ops/softsign.html
tensorflow::ops::SparseSoftmaxCrossEntropyWithLogits,https://www.tensorflow.org/api_docs/cc/class/tensorflow/ops/sparse-softmax-cross-entropy-with-logits.html
tensorflow::ops::TopK,https://www.tensorflow.org/api_docs/cc/class/tensorflow/ops/top-k.html
tensorflow::ops::NoOp,https://www.tensorflow.org/api_docs/cc/class/tensorflow/ops/no-op.html
tensorflow::ops::DecodeCSV,https://www.tensorflow.org/api_docs/cc/class/tensorflow/ops/decode-c-s-v.html
tensorflow::ops::DecodeCompressed,https://www.tensorflow.org/api_docs/cc/class/tensorflow/ops/decode-compressed.html
tensorflow::ops::DecodeJSONExample,https://www.tensorflow.org/api_docs/cc/class/tensorflow/ops/decode-j-s-o-n-example.html
tensorflow::ops::DecodePaddedRaw,https://www.tensorflow.org/api_docs/cc/class/tensorflow/ops/decode-padded-raw.html
tensorflow::ops::DecodeRaw,https://www.tensorflow.org/api_docs/cc/class/tensorflow/ops/decode-raw.html
tensorflow::ops::ParseExample,https://www.tensorflow.org/api_docs/cc/class/tensorflow/ops/parse-example.html
tensorflow::ops::ParseSequenceExample,https://www.tensorflow.org/api_docs/cc/class/tensorflow/ops/parse-sequence-example.html
tensorflow::ops::ParseSingleExample,https://www.tensorflow.org/api_docs/cc/class/tensorflow/ops/parse-single-example.html
tensorflow::ops::ParseSingleSequenceExample,https://www.tensorflow.org/api_docs/cc/class/tensorflow/ops/parse-single-sequence-example.html
tensorflow::ops::ParseTensor,https://www.tensorflow.org/api_docs/cc/class/tensorflow/ops/parse-tensor.html
tensorflow::ops::SerializeTensor,https://www.tensorflow.org/api_docs/cc/class/tensorflow/ops/serialize-tensor.html
tensorflow::ops::StringToNumber,https://www.tensorflow.org/api_docs/cc/class/tensorflow/ops/string-to-number.html
tensorflow::ops::Multinomial,https://www.tensorflow.org/api_docs/cc/class/tensorflow/ops/multinomial.html
tensorflow::ops::ParameterizedTruncatedNormal,https://www.tensorflow.org/api_docs/cc/class/tensorflow/ops/parameterized-truncated-normal.html
tensorflow::ops::RandomGamma,https://www.tensorflow.org/api_docs/cc/class/tensorflow/ops/random-gamma.html
tensorflow::ops::RandomNormal,https://www.tensorflow.org/api_docs/cc/class/tensorflow/ops/random-normal.html
tensorflow::ops::RandomPoissonV2,https://www.tensorflow.org/api_docs/cc/class/tensorflow/ops/random-poisson-v2.html
tensorflow::ops::RandomShuffle,https://www.tensorflow.org/api_docs/cc/class/tensorflow/ops/random-shuffle.html
tensorflow::ops::RandomUniform,https://www.tensorflow.org/api_docs/cc/class/tensorflow/ops/random-uniform.html
tensorflow::ops::RandomUniformInt,https://www.tensorflow.org/api_docs/cc/class/tensorflow/ops/random-uniform-int.html
tensorflow::ops::TruncatedNormal,https://www.tensorflow.org/api_docs/cc/class/tensorflow/ops/truncated-normal.html
tensorflow::ops::AddManySparseToTensorsMap,https://www.tensorflow.org/api_docs/cc/class/tensorflow/ops/add-many-sparse-to-tensors-map.html
tensorflow::ops::AddSparseToTensorsMap,https://www.tensorflow.org/api_docs/cc/class/tensorflow/ops/add-sparse-to-tensors-map.html
tensorflow::ops::DeserializeManySparse,https://www.tensorflow.org/api_docs/cc/class/tensorflow/ops/deserialize-many-sparse.html
tensorflow::ops::DeserializeSparse,https://www.tensorflow.org/api_docs/cc/class/tensorflow/ops/deserialize-sparse.html
tensorflow::ops::SerializeManySparse,https://www.tensorflow.org/api_docs/cc/class/tensorflow/ops/serialize-many-sparse.html
tensorflow::ops::SerializeSparse,https://www.tensorflow.org/api_docs/cc/class/tensorflow/ops/serialize-sparse.html
tensorflow::ops::SparseAdd,https://www.tensorflow.org/api_docs/cc/class/tensorflow/ops/sparse-add.html
tensorflow::ops::SparseAddGrad,https://www.tensorflow.org/api_docs/cc/class/tensorflow/ops/sparse-add-grad.html
tensorflow::ops::SparseConcat,https://www.tensorflow.org/api_docs/cc/class/tensorflow/ops/sparse-concat.html
tensorflow::ops::SparseCross,https://www.tensorflow.org/api_docs/cc/class/tensorflow/ops/sparse-cross.html
tensorflow::ops::SparseDenseCwiseAdd,https://www.tensorflow.org/api_docs/cc/class/tensorflow/ops/sparse-dense-cwise-add.html
tensorflow::ops::SparseDenseCwiseDiv,https://www.tensorflow.org/api_docs/cc/class/tensorflow/ops/sparse-dense-cwise-div.html
tensorflow::ops::SparseDenseCwiseMul,https://www.tensorflow.org/api_docs/cc/class/tensorflow/ops/sparse-dense-cwise-mul.html
tensorflow::ops::SparseFillEmptyRows,https://www.tensorflow.org/api_docs/cc/class/tensorflow/ops/sparse-fill-empty-rows.html
tensorflow::ops::SparseFillEmptyRowsGrad,https://www.tensorflow.org/api_docs/cc/class/tensorflow/ops/sparse-fill-empty-rows-grad.html
tensorflow::ops::SparseReduceMax,https://www.tensorflow.org/api_docs/cc/class/tensorflow/ops/sparse-reduce-max.html
tensorflow::ops::SparseReduceMaxSparse,https://www.tensorflow.org/api_docs/cc/class/tensorflow/ops/sparse-reduce-max-sparse.html
tensorflow::ops::SparseReduceSum,https://www.tensorflow.org/api_docs/cc/class/tensorflow/ops/sparse-reduce-sum.html
tensorflow::ops::SparseReduceSumSparse,https://www.tensorflow.org/api_docs/cc/class/tensorflow/ops/sparse-reduce-sum-sparse.html
tensorflow::ops::SparseReorder,https://www.tensorflow.org/api_docs/cc/class/tensorflow/ops/sparse-reorder.html
tensorflow::ops::SparseReshape,https://www.tensorflow.org/api_docs/cc/class/tensorflow/ops/sparse-reshape.html
tensorflow::ops::SparseSlice,https://www.tensorflow.org/api_docs/cc/class/tensorflow/ops/sparse-slice.html
tensorflow::ops::SparseSliceGrad,https://www.tensorflow.org/api_docs/cc/class/tensorflow/ops/sparse-slice-grad.html
tensorflow::ops::SparseSoftmax,https://www.tensorflow.org/api_docs/cc/class/tensorflow/ops/sparse-softmax.html
tensorflow::ops::SparseSparseMaximum,https://www.tensorflow.org/api_docs/cc/class/tensorflow/ops/sparse-sparse-maximum.html
tensorflow::ops::SparseSparseMinimum,https://www.tensorflow.org/api_docs/cc/class/tensorflow/ops/sparse-sparse-minimum.html
tensorflow::ops::SparseSplit,https://www.tensorflow.org/api_docs/cc/class/tensorflow/ops/sparse-split.html
tensorflow::ops::SparseTensorDenseAdd,https://www.tensorflow.org/api_docs/cc/class/tensorflow/ops/sparse-tensor-dense-add.html
tensorflow::ops::SparseTensorDenseMatMul,https://www.tensorflow.org/api_docs/cc/class/tensorflow/ops/sparse-tensor-dense-mat-mul.html
tensorflow::ops::TakeManySparseFromTensorsMap,https://www.tensorflow.org/api_docs/cc/class/tensorflow/ops/take-many-sparse-from-tensors-map.html
tensorflow::ops::Assign,https://www.tensorflow.org/api_docs/cc/class/tensorflow/ops/assign.html
tensorflow::ops::AssignAdd,https://www.tensorflow.org/api_docs/cc/class/tensorflow/ops/assign-add.html
tensorflow::ops::AssignSub,https://www.tensorflow.org/api_docs/cc/class/tensorflow/ops/assign-sub.html
tensorflow::ops::CountUpTo,https://www.tensorflow.org/api_docs/cc/class/tensorflow/ops/count-up-to.html
tensorflow::ops::DestroyTemporaryVariable,https://www.tensorflow.org/api_docs/cc/class/tensorflow/ops/destroy-temporary-variable.html
tensorflow::ops::IsVariableInitialized,https://www.tensorflow.org/api_docs/cc/class/tensorflow/ops/is-variable-initialized.html
tensorflow::ops::ResourceCountUpTo,https://www.tensorflow.org/api_docs/cc/class/tensorflow/ops/resource-count-up-to.html
tensorflow::ops::ResourceScatterNdAdd,https://www.tensorflow.org/api_docs/cc/class/tensorflow/ops/resource-scatter-nd-add.html
tensorflow::ops::ResourceScatterNdSub,https://www.tensorflow.org/api_docs/cc/class/tensorflow/ops/resource-scatter-nd-sub.html
tensorflow::ops::ResourceScatterNdUpdate,https://www.tensorflow.org/api_docs/cc/class/tensorflow/ops/resource-scatter-nd-update.html
tensorflow::ops::ScatterAdd,https://www.tensorflow.org/api_docs/cc/class/tensorflow/ops/scatter-add.html
tensorflow::ops::ScatterDiv,https://www.tensorflow.org/api_docs/cc/class/tensorflow/ops/scatter-div.html
tensorflow::ops::ScatterMax,https://www.tensorflow.org/api_docs/cc/class/tensorflow/ops/scatter-max.html
tensorflow::ops::ScatterMin,https://www.tensorflow.org/api_docs/cc/class/tensorflow/ops/scatter-min.html
tensorflow::ops::ScatterMul,https://www.tensorflow.org/api_docs/cc/class/tensorflow/ops/scatter-mul.html
tensorflow::ops::ScatterNdAdd,https://www.tensorflow.org/api_docs/cc/class/tensorflow/ops/scatter-nd-add.html
tensorflow::ops::ScatterNdSub,https://www.tensorflow.org/api_docs/cc/class/tensorflow/ops/scatter-nd-sub.html
tensorflow::ops::ScatterNdUpdate,https://www.tensorflow.org/api_docs/cc/class/tensorflow/ops/scatter-nd-update.html
tensorflow::ops::ScatterSub,https://www.tensorflow.org/api_docs/cc/class/tensorflow/ops/scatter-sub.html
tensorflow::ops::ScatterUpdate,https://www.tensorflow.org/api_docs/cc/class/tensorflow/ops/scatter-update.html
tensorflow::ops::TemporaryVariable,https://www.tensorflow.org/api_docs/cc/class/tensorflow/ops/temporary-variable.html
tensorflow::ops::Variable,https://www.tensorflow.org/api_docs/cc/class/tensorflow/ops/variable.html
tensorflow::ops::AsString,https://www.tensorflow.org/api_docs/cc/class/tensorflow/ops/as-string.html
tensorflow::ops::DecodeBase64,https://www.tensorflow.org/api_docs/cc/class/tensorflow/ops/decode-base64.html
tensorflow::ops::EncodeBase64,https://www.tensorflow.org/api_docs/cc/class/tensorflow/ops/encode-base64.html
tensorflow::ops::ReduceJoin,https://www.tensorflow.org/api_docs/cc/class/tensorflow/ops/reduce-join.html
tensorflow::ops::RegexFullMatch,https://www.tensorflow.org/api_docs/cc/class/tensorflow/ops/regex-full-match.html
tensorflow::ops::RegexReplace,https://www.tensorflow.org/api_docs/cc/class/tensorflow/ops/regex-replace.html
tensorflow::ops::StringFormat,https://www.tensorflow.org/api_docs/cc/class/tensorflow/ops/string-format.html
tensorflow::ops::StringJoin,https://www.tensorflow.org/api_docs/cc/class/tensorflow/ops/string-join.html
tensorflow::ops::StringLength,https://www.tensorflow.org/api_docs/cc/class/tensorflow/ops/string-length.html
tensorflow::ops::StringLower,https://www.tensorflow.org/api_docs/cc/class/tensorflow/ops/string-lower.html
tensorflow::ops::StringNGrams,https://www.tensorflow.org/api_docs/cc/class/tensorflow/ops/string-n-grams.html
tensorflow::ops::StringSplit,https://www.tensorflow.org/api_docs/cc/class/tensorflow/ops/string-split.html
tensorflow::ops::StringSplitV2,https://www.tensorflow.org/api_docs/cc/class/tensorflow/ops/string-split-v2.html
tensorflow::ops::StringStrip,https://www.tensorflow.org/api_docs/cc/class/tensorflow/ops/string-strip.html
tensorflow::ops::StringToHashBucket,https://www.tensorflow.org/api_docs/cc/class/tensorflow/ops/string-to-hash-bucket.html
tensorflow::ops::StringToHashBucketFast,https://www.tensorflow.org/api_docs/cc/class/tensorflow/ops/string-to-hash-bucket-fast.html
tensorflow::ops::StringToHashBucketStrong,https://www.tensorflow.org/api_docs/cc/class/tensorflow/ops/string-to-hash-bucket-strong.html
tensorflow::ops::StringUpper,https://www.tensorflow.org/api_docs/cc/class/tensorflow/ops/string-upper.html
tensorflow::ops::Substr,https://www.tensorflow.org/api_docs/cc/class/tensorflow/ops/substr.html
tensorflow::ops::UnicodeScript,https://www.tensorflow.org/api_docs/cc/class/tensorflow/ops/unicode-script.html
tensorflow::ops::UnicodeTranscode,https://www.tensorflow.org/api_docs/cc/class/tensorflow/ops/unicode-transcode.html
tensorflow::ops::UnsortedSegmentJoin,https://www.tensorflow.org/api_docs/cc/class/tensorflow/ops/unsorted-segment-join.html
tensorflow::ops::ApplyAdadelta,https://www.tensorflow.org/api_docs/cc/class/tensorflow/ops/apply-adadelta.html
tensorflow::ops::ApplyAdagrad,https://www.tensorflow.org/api_docs/cc/class/tensorflow/ops/apply-adagrad.html
tensorflow::ops::ApplyAdagradDA,https://www.tensorflow.org/api_docs/cc/class/tensorflow/ops/apply-adagrad-d-a.html
tensorflow::ops::ApplyAdam,https://www.tensorflow.org/api_docs/cc/class/tensorflow/ops/apply-adam.html
tensorflow::ops::ApplyAddSign,https://www.tensorflow.org/api_docs/cc/class/tensorflow/ops/apply-add-sign.html
tensorflow::ops::ApplyCenteredRMSProp,https://www.tensorflow.org/api_docs/cc/class/tensorflow/ops/apply-centered-r-m-s-prop.html
tensorflow::ops::ApplyFtrl,https://www.tensorflow.org/api_docs/cc/class/tensorflow/ops/apply-ftrl.html
tensorflow::ops::ApplyFtrlV2,https://www.tensorflow.org/api_docs/cc/class/tensorflow/ops/apply-ftrl-v2.html
tensorflow::ops::ApplyGradientDescent,https://www.tensorflow.org/api_docs/cc/class/tensorflow/ops/apply-gradient-descent.html
tensorflow::ops::ApplyMomentum,https://www.tensorflow.org/api_docs/cc/class/tensorflow/ops/apply-momentum.html
tensorflow::ops::ApplyPowerSign,https://www.tensorflow.org/api_docs/cc/class/tensorflow/ops/apply-power-sign.html
tensorflow::ops::ApplyProximalAdagrad,https://www.tensorflow.org/api_docs/cc/class/tensorflow/ops/apply-proximal-adagrad.html
tensorflow::ops::ApplyProximalGradientDescent,https://www.tensorflow.org/api_docs/cc/class/tensorflow/ops/apply-proximal-gradient-descent.html
tensorflow::ops::ApplyRMSProp,https://www.tensorflow.org/api_docs/cc/class/tensorflow/ops/apply-r-m-s-prop.html
tensorflow::ops::ResourceApplyAdadelta,https://www.tensorflow.org/api_docs/cc/class/tensorflow/ops/resource-apply-adadelta.html
tensorflow::ops::ResourceApplyAdagrad,https://www.tensorflow.org/api_docs/cc/class/tensorflow/ops/resource-apply-adagrad.html
tensorflow::ops::ResourceApplyAdagradDA,https://www.tensorflow.org/api_docs/cc/class/tensorflow/ops/resource-apply-adagrad-d-a.html
tensorflow::ops::ResourceApplyAdam,https://www.tensorflow.org/api_docs/cc/class/tensorflow/ops/resource-apply-adam.html
tensorflow::ops::ResourceApplyAdamWithAmsgrad,https://www.tensorflow.org/api_docs/cc/class/tensorflow/ops/resource-apply-adam-with-amsgrad.html
tensorflow::ops::ResourceApplyAddSign,https://www.tensorflow.org/api_docs/cc/class/tensorflow/ops/resource-apply-add-sign.html
tensorflow::ops::ResourceApplyCenteredRMSProp,https://www.tensorflow.org/api_docs/cc/class/tensorflow/ops/resource-apply-centered-r-m-s-prop.html
tensorflow::ops::ResourceApplyFtrl,https://www.tensorflow.org/api_docs/cc/class/tensorflow/ops/resource-apply-ftrl.html
tensorflow::ops::ResourceApplyFtrlV2,https://www.tensorflow.org/api_docs/cc/class/tensorflow/ops/resource-apply-ftrl-v2.html
tensorflow::ops::ResourceApplyGradientDescent,https://www.tensorflow.org/api_docs/cc/class/tensorflow/ops/resource-apply-gradient-descent.html
tensorflow::ops::ResourceApplyKerasMomentum,https://www.tensorflow.org/api_docs/cc/class/tensorflow/ops/resource-apply-keras-momentum.html
tensorflow::ops::ResourceApplyMomentum,https://www.tensorflow.org/api_docs/cc/class/tensorflow/ops/resource-apply-momentum.html
tensorflow::ops::ResourceApplyPowerSign,https://www.tensorflow.org/api_docs/cc/class/tensorflow/ops/resource-apply-power-sign.html
tensorflow::ops::ResourceApplyProximalAdagrad,https://www.tensorflow.org/api_docs/cc/class/tensorflow/ops/resource-apply-proximal-adagrad.html
tensorflow::ops::ResourceApplyProximalGradientDescent,https://www.tensorflow.org/api_docs/cc/class/tensorflow/ops/resource-apply-proximal-gradient-descent.html
tensorflow::ops::ResourceApplyRMSProp,https://www.tensorflow.org/api_docs/cc/class/tensorflow/ops/resource-apply-r-m-s-prop.html
tensorflow::ops::ResourceSparseApplyAdadelta,https://www.tensorflow.org/api_docs/cc/class/tensorflow/ops/resource-sparse-apply-adadelta.html
tensorflow::ops::ResourceSparseApplyAdagrad,https://www.tensorflow.org/api_docs/cc/class/tensorflow/ops/resource-sparse-apply-adagrad.html
tensorflow::ops::ResourceSparseApplyAdagradDA,https://www.tensorflow.org/api_docs/cc/class/tensorflow/ops/resource-sparse-apply-adagrad-d-a.html
tensorflow::ops::ResourceSparseApplyCenteredRMSProp,https://www.tensorflow.org/api_docs/cc/class/tensorflow/ops/resource-sparse-apply-centered-r-m-s-prop.html
tensorflow::ops::ResourceSparseApplyFtrl,https://www.tensorflow.org/api_docs/cc/class/tensorflow/ops/resource-sparse-apply-ftrl.html
tensorflow::ops::ResourceSparseApplyFtrlV2,https://www.tensorflow.org/api_docs/cc/class/tensorflow/ops/resource-sparse-apply-ftrl-v2.html
tensorflow::ops::ResourceSparseApplyKerasMomentum,https://www.tensorflow.org/api_docs/cc/class/tensorflow/ops/resource-sparse-apply-keras-momentum.html
tensorflow::ops::ResourceSparseApplyMomentum,https://www.tensorflow.org/api_docs/cc/class/tensorflow/ops/resource-sparse-apply-momentum.html
tensorflow::ops::ResourceSparseApplyProximalAdagrad,https://www.tensorflow.org/api_docs/cc/class/tensorflow/ops/resource-sparse-apply-proximal-adagrad.html
tensorflow::ops::ResourceSparseApplyProximalGradientDescent,https://www.tensorflow.org/api_docs/cc/class/tensorflow/ops/resource-sparse-apply-proximal-gradient-descent.html
tensorflow::ops::ResourceSparseApplyRMSProp,https://www.tensorflow.org/api_docs/cc/class/tensorflow/ops/resource-sparse-apply-r-m-s-prop.html
tensorflow::ops::SparseApplyAdadelta,https://www.tensorflow.org/api_docs/cc/class/tensorflow/ops/sparse-apply-adadelta.html
tensorflow::ops::SparseApplyAdagrad,https://www.tensorflow.org/api_docs/cc/class/tensorflow/ops/sparse-apply-adagrad.html
tensorflow::ops::SparseApplyAdagradDA,https://www.tensorflow.org/api_docs/cc/class/tensorflow/ops/sparse-apply-adagrad-d-a.html
tensorflow::ops::SparseApplyCenteredRMSProp,https://www.tensorflow.org/api_docs/cc/class/tensorflow/ops/sparse-apply-centered-r-m-s-prop.html
tensorflow::ops::SparseApplyFtrl,https://www.tensorflow.org/api_docs/cc/class/tensorflow/ops/sparse-apply-ftrl.html
tensorflow::ops::SparseApplyFtrlV2,https://www.tensorflow.org/api_docs/cc/class/tensorflow/ops/sparse-apply-ftrl-v2.html
tensorflow::ops::SparseApplyMomentum,https://www.tensorflow.org/api_docs/cc/class/tensorflow/ops/sparse-apply-momentum.html
tensorflow::ops::SparseApplyProximalAdagrad,https://www.tensorflow.org/api_docs/cc/class/tensorflow/ops/sparse-apply-proximal-adagrad.html
tensorflow::ops::SparseApplyProximalGradientDescent,https://www.tensorflow.org/api_docs/cc/class/tensorflow/ops/sparse-apply-proximal-gradient-descent.html
tensorflow::ops::SparseApplyRMSProp,https://www.tensorflow.org/api_docs/cc/class/tensorflow/ops/sparse-apply-r-m-s-prop.html
tensorflow::ops::Fact,https://www.tensorflow.org/api_docs/cc/class/tensorflow/ops/fact.html